frame,kp0_x,kp0_y,kp1_x,kp1_y,kp2_x,kp2_y,kp3_x,kp3_y,kp4_x,kp4_y,kp5_x,kp5_y,kp6_x,kp6_y,kp7_x,kp7_y,kp8_x,kp8_y,kp9_x,kp9_y,kp10_x,kp10_y,kp11_x,kp11_y,kp12_x,kp12_y,kp13_x,kp13_y,kp14_x,kp14_y,kp15_x,kp15_y,kp16_x,kp16_y
0,321.22,105.84,3.0,3.76,-7.8,-5.21,0.51,-1.26,-0.07,-3.41,293.52,153.11,350.26,154.51,276.87,206.56,366.48,206.16,273.51,269.8,369.26,267.28,299.89,249.38,343.29,248.59,297.13,341.46,346.65,341.72,303.57,428.37,342.95,426.74
1,322.46,114.76,-0.46,-3.36,-3.3,2.6,2.97,2.17,-2.66,0.93,290.47,151.12,353.49,151.14,277.72,210.51,366.16,212.77,264.17,268.96,368.12,267.69,293.9,256.32,341.54,254.21,288.1,338.76,345.82,342.44,297.84,433.17,343.61,428.15
2,323.43,110.2,-5.1,-4.53,-3.68,1.99,0.57,2.76,-1.71,0.63,292.5,149.73,351.83,148.32,273.55,209.44,360.22,212.92,268.12,271.02,371.92,272.75,297.66,250.96,343.31,251.04,287.57,334.6,340.39,336.4,296.6,426.38,343.49,435.2
3,318.57,115.11,-3.73,-0.82,-3.8,-1.36,3.36,-6.91,1.74,0.95,287.62,146.38,350.29,150.04,275.93,212.25,371.41,211.2,265.91,272.88,370.88,277.6,298.34,254.45,350.85,248.27,290.93,337.16,344.95,335.36,297.54,429.11,339.12,425.94
4,321.25,117.15,7.99,11.66,1.66,-3.96,-8.53,1.07,-3.25,-1.66,287.55,153.24,354.26,154.43,274.37,209.66,358.3,211.85,269.78,280.87,370.52,277.73,293.0,250.58,341.14,252.42,300.85,338.23,351.01,337.91,298.73,431.54,344.37,429.84
5,317.38,117.63,-1.82,-4.9,-5.11,0.69,6.32,0.64,-0.47,1.14,295.22,156.73,348.36,160.27,276.72,221.99,365.73,210.95,264.53,282.45,376.89,275.13,293.47,264.03,340.57,254.61,293.48,340.76,349.07,341.69,296.35,435.63,345.36,432.58
6,311.8,118.08,-3.37,-4.88,-3.51,-1.34,3.66,-5.31,0.12,-1.94,288.69,162.28,352.15,163.62,274.38,215.49,364.1,219.24,270.71,273.93,370.36,279.18,305.07,269.09,341.59,260.43,283.36,340.95,352.05,348.13,292.08,427.38,336.41,429.35
7,315.75,118.9,-3.51,-0.38,-7.03,-5.87,8.52,-5.15,-4.39,7.35,301.62,156.33,348.53,162.39,281.91,217.07,364.02,224.13,271.74,279.52,369.46,275.52,294.05,264.36,345.93,263.21,289.17,348.46,353.34,345.82,295.21,430.0,342.11,431.27
8,319.61,132.41,6.29,1.54,-3.05,-4.45,4.76,1.05,1.92,-6.98,293.71,165.86,345.56,162.15,276.05,224.25,363.83,223.63,268.99,284.65,375.89,273.77,294.05,270.36,346.18,268.17,278.14,346.93,361.74,339.48,298.46,428.69,344.75,425.79
9,318.66,132.47,2.33,6.93,4.71,1.76,6.98,1.76,3.31,-1.19,290.27,164.48,353.96,162.56,278.13,226.51,369.68,230.28,277.28,290.2,363.71,287.01,290.31,272.11,351.04,276.73,280.11,342.85,357.22,342.04,292.32,431.25,349.62,432.44
10,310.83,131.88,0.29,1.66,6.46,-8.25,-2.36,2.36,-6.33,5.9,291.47,174.05,347.72,173.91,279.27,231.59,365.94,231.74,266.55,290.07,369.39,292.19,299.0,274.69,344.5,284.85,277.56,344.97,360.27,351.64,295.05,435.32,348.43,433.37
11,322.22,143.44,-0.82,-8.01,6.42,-1.83,0.43,5.24,-6.41,-5.01,283.59,170.95,351.76,176.22,276.11,228.48,355.76,234.34,268.11,295.97,372.81,294.68,298.04,284.7,347.12,280.96,277.39,350.44,365.17,348.08,297.08,428.94,344.53,433.32
12,312.03,132.43,-5.93,-9.33,-2.71,3.0,-1.14,0.79,4.36,5.31,289.72,183.03,350.37,174.26,272.62,231.69,361.45,236.18,273.21,304.5,364.47,299.18,290.84,290.56,344.48,281.33,279.38,348.63,362.19,346.77,292.38,431.71,344.24,431.31
13,321.45,146.33,-1.37,-5.91,4.27,-1.33,4.46,1.53,-0.52,1.4,297.8,189.36,350.28,181.69,279.3,237.67,366.33,240.94,271.26,297.71,363.64,292.76,290.53,291.63,343.83,301.22,277.69,348.57,368.12,350.79,293.86,430.74,347.48,428.64
14,324.26,139.8,0.03,10.39,0.89,5.73,0.37,2.32,-0.23,-0.68,286.88,186.09,346.59,187.03,279.34,245.83,363.86,246.18,268.77,308.11,362.67,303.02,287.04,292.13,350.46,301.69,268.07,347.74,357.2,351.57,304.68,431.74,342.76,431.86
15,313.76,146.31,0.4,-0.34,3.16,1.38,2.67,-2.75,3.59,6.52,286.12,183.95,355.34,186.73,280.62,245.73,370.82,248.03,271.03,313.76,368.55,303.74,293.21,304.31,338.74,305.05,266.59,359.59,361.67,351.85,288.25,426.7,345.99,429.28
16,318.99,149.75,0.81,-4.03,2.83,2.65,1.54,2.23,1.19,8.14,289.65,189.16,346.99,186.26,270.02,246.84,364.72,251.73,270.2,307.33,373.6,313.35,294.36,303.94,347.19,307.3,260.93,355.88,374.32,352.56,295.76,424.18,350.34,434.99
17,318.99,154.44,-9.64,-4.63,-1.18,-4.29,2.86,7.99,-4.71,-3.35,290.94,199.43,345.11,193.98,282.29,246.38,359.88,251.29,267.92,316.23,370.97,305.88,297.06,307.87,350.1,307.67,262.37,359.36,378.14,358.99,288.26,432.15,340.86,430.94
18,314.31,157.01,-3.23,-5.13,2.86,0.97,-2.46,5.8,-1.76,0.13,291.08,192.75,351.88,193.09,273.35,260.68,360.84,245.57,276.44,325.42,368.38,307.48,293.76,312.17,344.24,308.86,265.66,360.19,370.68,360.89,303.21,430.69,343.65,429.43
19,322.46,150.15,0.66,-1.56,7.39,-0.7,6.67,-4.41,2.35,1.28,286.52,197.78,354.85,195.78,268.23,257.0,361.39,255.7,269.67,310.25,363.54,319.0,292.91,305.64,348.14,316.99,259.19,353.56,381.29,360.23,304.53,431.68,346.55,429.33
20,323.27,160.99,5.01,-2.09,-1.74,-1.92,3.16,5.99,-1.84,-1.7,291.26,197.51,353.81,189.49,271.69,255.36,355.72,254.64,266.34,317.69,374.45,317.51,290.88,317.66,349.2,313.99,257.41,361.63,378.06,361.99,294.95,432.81,340.86,429.95
21,319.16,154.59,-6.25,2.74,-1.4,-4.09,-0.38,4.51,-9.12,-5.99,286.31,205.3,351.13,202.52,270.44,254.98,366.79,259.69,272.19,318.7,371.11,320.09,298.11,322.46,338.52,310.25,264.39,364.53,375.54,352.34,295.4,433.72,352.19,432.07
22,318.51,156.37,0.05,-1.2,-4.06,8.2,7.14,4.54,-3.68,3.42,292.56,201.71,355.0,202.48,277.96,262.49,366.36,252.8,270.33,317.71,364.88,326.67,301.92,325.35,346.02,325.32,260.09,360.79,375.58,361.56,295.24,424.79,344.8,429.68
23,327.19,163.52,0.05,1.0,0.18,-0.81,-4.33,-0.6,-2.98,-5.0,292.04,201.5,342.85,199.45,278.98,264.18,369.1,260.09,266.62,315.6,371.38,321.46,300.15,324.31,344.47,314.94,258.77,360.84,379.15,357.66,296.01,427.98,342.49,431.25
24,318.39,160.43,1.09,-4.56,-1.92,5.75,-4.65,-8.47,-7.45,0.12,290.12,198.98,354.86,188.76,276.58,265.7,360.49,257.93,266.99,315.88,368.69,325.16,302.35,317.89,352.62,319.38,267.4,359.41,380.14,361.24,307.72,433.41,342.17,433.88
25,318.55,156.53,3.63,0.12,1.11,0.06,1.35,1.7,-7.75,2.67,286.07,192.72,349.77,198.83,272.23,261.82,359.63,256.86,267.66,318.31,371.12,314.46,297.9,318.14,337.43,310.05,261.01,358.51,378.53,359.28,295.9,433.79,340.56,425.31
26,315.63,158.23,4.98,-1.73,-10.01,-6.82,-3.33,-2.23,-1.63,0.15,288.75,201.27,347.3,193.62,276.92,250.93,366.56,257.48,269.41,323.43,367.51,325.31,294.1,310.8,345.28,311.6,259.04,360.42,380.17,356.34,298.95,434.63,350.75,432.12
27,325.45,147.7,-1.27,-3.47,0.48,-2.29,-0.66,7.53,-0.68,1.66,289.07,195.53,350.02,197.02,279.66,261.82,366.24,257.58,265.4,314.87,373.76,318.69,295.85,316.86,346.96,318.12,264.5,356.67,378.0,346.37,296.53,415.41,338.11,431.81
28,321.91,148.33,-2.85,5.48,-1.94,8.97,-0.01,1.63,6.47,0.52,285.99,192.54,349.86,187.52,273.98,250.01,368.7,253.12,268.87,312.56,370.89,315.45,291.0,306.01,349.42,308.53,259.24,358.97,376.94,351.07,295.92,432.94,346.5,432.53
29,314.38,151.72,-1.21,-1.93,3.48,5.92,7.18,5.26,-0.44,1.41,293.07,190.88,350.52,193.69,274.76,247.47,363.34,252.93,270.01,311.75,372.68,308.89,298.02,308.06,340.06,312.32,264.72,349.54,369.09,352.07,295.21,428.9,343.65,432.48
30,321.36,148.76,1.64,2.46,-8.43,-1.46,-8.72,0.14,-0.02,4.18,294.75,188.31,348.0,189.44,272.89,247.49,368.94,245.27,273.22,310.21,366.18,311.4,297.79,302.91,341.95,299.06,266.6,357.17,367.43,356.75,290.03,429.18,345.44,439.78
31,314.49,150.25,0.6,1.64,0.47,1.78,-0.61,5.82,-1.83,4.53,287.42,184.12,345.71,186.19,280.78,244.06,364.21,239.91,269.08,297.99,366.35,305.27,300.28,309.35,342.65,303.85,271.92,353.14,370.79,353.99,295.44,428.37,339.41,423.83
32,322.61,139.94,-2.38,0.03,3.18,0.72,-2.62,4.91,6.32,1.98,293.89,186.02,354.52,183.5,277.39,243.13,360.61,243.85,264.58,297.87,375.21,304.41,300.95,292.38,340.39,292.51,273.67,352.74,371.27,350.97,296.41,426.05,346.8,430.01
33,317.0,136.67,-0.74,-1.08,7.09,-0.39,-0.98,-8.39,-3.58,-1.05,287.26,183.14,349.34,182.77,275.25,237.76,364.64,237.63,276.88,288.33,361.99,295.44,295.06,291.42,346.89,287.12,279.75,355.17,365.07,354.9,296.09,427.75,347.79,430.44
34,320.01,140.02,-9.8,-5.67,-4.75,-1.45,-1.02,-6.03,-3.94,-3.44,299.83,181.33,348.35,172.67,270.4,226.49,364.53,230.14,269.66,287.73,366.95,294.72,296.46,285.45,339.72,287.2,274.91,352.18,361.85,344.15,293.74,431.46,347.45,429.44
35,326.13,134.69,-1.03,3.0,7.74,7.84,-4.91,-3.71,5.94,-4.23,284.71,168.71,351.68,170.25,272.4,227.96,362.15,227.14,279.13,291.85,373.55,288.7,294.26,276.07,334.39,273.41,273.3,339.26,354.68,353.56,294.82,435.16,346.64,433.13
36,316.4,129.37,2.91,-2.31,2.24,2.26,-2.2,-4.49,-4.74,0.35,291.31,164.1,350.11,169.56,277.47,233.48,370.11,223.27,276.73,285.15,374.18,287.55,293.35,266.95,344.31,267.95,286.78,352.98,353.9,348.12,292.1,427.49,348.1,429.85
37,326.96,122.11,4.0,0.39,3.18,-1.79,-0.2,-0.46,-3.34,2.65,292.6,166.41,356.15,169.84,273.5,225.53,362.51,224.13,267.6,290.52,371.45,283.17,299.77,260.97,336.94,272.84,285.41,346.62,349.52,345.52,303.01,433.3,345.68,428.24
38,318.42,112.5,1.03,3.38,-6.3,-2.65,-4.63,-3.86,0.21,-8.34,292.46,164.04,349.0,151.1,271.01,225.95,353.89,219.63,265.28,284.24,367.3,282.64,297.26,272.77,344.19,266.93,281.35,349.17,349.67,342.17,294.91,423.75,345.92,433.87
39,321.17,111.92,-0.5,2.97,-7.51,-4.3,3.51,1.08,1.65,7.44,291.87,160.9,360.84,157.42,271.81,219.98,366.76,216.16,265.87,287.51,371.31,275.34,298.66,261.14,343.99,263.83,284.04,344.72,358.44,345.17,293.5,427.97,343.36,428.98
40,318.49,119.51,-6.93,3.45,-1.52,1.51,-4.51,5.31,4.98,3.84,283.94,159.17,351.62,149.43,274.9,217.31,367.22,216.56,271.16,281.74,374.9,264.38,293.73,257.53,337.99,258.57,295.9,337.99,350.44,338.68,292.31,435.91,342.83,431.85
41,312.52,121.25,2.41,-0.73,2.3,-5.64,4.73,-1.3,-0.82,-1.97,287.68,156.58,351.02,156.41,274.96,215.85,363.32,222.72,263.73,278.84,375.47,270.39,303.92,259.3,348.88,255.43,291.47,340.68,349.22,347.12,295.73,426.35,348.3,433.68
42,322.62,115.14,-1.08,-3.72,-3.47,-6.54,0.95,-0.33,-1.76,-11.82,285.01,156.64,347.34,153.6,269.44,217.92,364.42,213.32,279.3,278.23,368.77,269.79,293.7,255.07,344.58,251.44,299.36,340.41,355.71,341.23,302.14,431.43,348.85,427.1
43,316.58,112.81,3.95,0.16,-5.15,-5.44,-5.71,-7.07,0.44,4.5,289.95,141.93,349.24,150.32,283.38,205.14,363.44,217.79,271.8,273.22,370.46,272.29,298.11,248.12,348.51,245.86,295.64,341.1,343.21,340.3,292.51,425.71,343.59,425.58
44,321.29,105.64,2.85,-4.73,-2.27,-2.5,5.3,1.32,-0.85,1.99,281.57,150.07,357.99,150.77,275.27,212.44,368.58,202.25,263.27,271.08,367.14,275.49,293.74,242.6,339.93,239.34,293.89,339.34,343.47,344.41,299.79,429.32,336.46,432.47
45,322.22,111.24,3.93,-4.66,8.04,-3.84,3.0,-6.75,-3.72,6.07,288.96,153.36,350.95,149.58,280.46,209.05,357.88,206.79,272.2,271.58,363.73,267.1,292.67,248.54,339.5,247.49,292.09,343.09,348.24,339.42,293.43,430.56,341.73,425.41
46,316.24,107.7,-4.65,0.65,2.92,-6.35,0.1,-0.88,1.37,-0.05,284.19,145.19,350.12,154.36,266.14,211.63,369.76,209.63,272.2,267.43,369.52,263.76,285.62,254.11,341.06,248.52,289.28,334.46,344.47,337.18,296.51,431.81,346.28,430.95
47,326.31,106.7,-0.22,4.53,5.06,-5.69,-1.25,5.43,2.03,0.78,289.13,149.43,351.15,149.96,274.83,211.28,362.29,213.1,281.66,263.86,371.3,267.93,297.31,251.54,348.05,256.06,295.09,344.92,336.3,346.75,296.5,434.31,340.12,426.68
48,320.58,112.09,1.13,4.34,-7.06,3.9,0.03,-0.82,-5.88,2.01,280.34,154.75,344.03,152.38,274.52,216.84,364.29,209.38,267.97,277.25,372.15,270.62,294.05,246.76,346.55,245.99,296.49,341.38,356.06,336.46,294.59,437.19,349.77,427.22
49,320.9,113.81,1.13,-2.79,-0.36,-6.39,0.54,1.8,-0.91,-6.46,293.95,155.26,347.1,152.68,269.0,209.7,362.85,218.71,267.44,276.36,367.85,274.79,294.43,258.81,342.86,249.03,286.81,339.39,342.66,343.16,293.14,439.5,338.05,430.81
50,315.49,113.88,0.57,-9.3,0.95,7.61,-1.81,1.04,4.1,-0.66,287.68,146.75,352.56,155.4,270.95,216.36,362.67,213.74,272.43,270.5,374.19,270.26,292.35,265.88,349.51,258.58,287.14,340.22,349.39,342.49,294.64,429.88,344.14,424.23
51,317.93,121.93,-5.47,-0.76,-3.28,0.45,-1.55,5.91,2.03,-5.25,292.68,155.17,347.69,159.53,273.03,221.84,361.9,215.8,267.37,276.01,374.4,280.79,301.84,270.65,340.88,261.86,284.5,340.2,348.27,339.08,290.79,429.42,340.13,433.37
52,316.33,132.26,-1.81,0.29,-5.18,6.82,4.48,1.19,-5.39,0.84,285.51,166.87,353.24,161.4,265.25,217.09,367.75,225.87,274.44,274.65,371.21,285.08,288.37,265.4,346.1,264.23,279.88,343.11,351.4,343.82,292.75,428.23,344.84,431.77
53,318.78,122.4,0.37,-7.68,1.91,-0.0,0.16,3.84,-7.81,-7.9,291.1,164.01,350.68,162.19,277.66,227.77,366.94,223.0,261.57,287.12,374.89,286.62,291.48,272.35,348.44,275.89,281.67,344.71,357.82,345.85,290.53,431.66,347.31,430.35
54,320.88,126.24,5.91,-3.6,-2.35,0.04,3.52,-5.99,-5.24,-8.15,290.13,162.8,348.46,169.92,272.43,228.2,363.8,229.96,271.9,284.51,369.33,291.45,296.57,268.6,347.62,269.85,288.56,351.01,358.25,347.54,294.16,432.71,343.52,430.94
55,323.49,128.41,-2.46,-4.78,-4.26,-7.31,2.92,7.24,5.7,-6.5,292.9,176.35,348.17,171.06,266.97,231.73,360.75,231.46,263.76,292.83,374.1,287.53,290.45,270.3,343.93,276.6,274.33,350.08,357.66,343.96,292.78,434.29,347.41,429.48
56,322.48,129.48,0.13,0.59,-1.88,1.74,-3.12,2.04,2.21,-11.67,294.76,161.94,347.54,178.23,273.73,228.26,360.63,238.24,262.31,298.64,369.78,289.36,292.67,279.71,348.46,286.71,271.23,348.04,358.44,354.83,289.6,436.42,344.87,425.35
57,317.29,134.41,-5.1,0.38,-4.91,-8.72,-1.52,-7.21,-3.01,-3.64,286.52,185.62,350.23,178.59,267.89,235.0,365.86,233.52,273.63,292.8,368.85,295.27,295.66,286.1,343.92,287.71,272.73,352.99,365.28,350.69,293.28,433.19,344.06,428.77
58,320.42,147.83,-5.36,3.08,-7.57,0.87,6.3,1.95,0.68,-2.24,290.12,180.04,346.86,179.89,275.79,237.98,361.77,235.61,271.56,303.23,370.93,304.91,295.35,295.04,346.22,293.1,271.14,361.28,364.93,349.76,296.74,431.01,339.38,434.49
59,319.62,139.92,4.76,2.5,-5.06,7.11,2.64,-0.04,6.36,0.64,289.89,181.72,352.33,186.27,275.06,241.21,365.52,244.09,264.67,298.48,372.26,293.96,295.82,296.2,350.23,296.14,273.58,352.16,369.51,356.69,293.15,433.99,341.03,431.18
60,323.69,150.14,7.67,-3.05,-5.52,-3.98,2.64,1.99,0.41,-4.49,293.07,182.6,354.64,198.93,276.47,249.83,363.03,240.26,267.59,303.13,364.21,314.39,296.09,304.02,343.76,301.81,272.61,354.87,373.37,354.22,293.63,424.37,337.09,428.95
61,320.23,145.25,-0.14,0.22,-8.62,-3.66,1.63,1.55,-4.61,0.63,294.09,193.5,349.62,188.52,272.48,252.26,365.78,252.91,270.53,313.67,370.38,313.53,298.48,303.33,337.77,312.72,267.75,349.3,370.42,359.24,293.88,427.95,350.6,425.81
62,316.81,153.83,1.56,1.99,3.64,0.79,1.96,-1.04,0.25,0.43,290.86,196.07,352.22,193.16,271.76,253.25,364.89,253.76,278.83,310.89,371.69,317.26,295.39,319.53,343.49,311.47,261.72,355.79,376.08,360.58,296.28,435.04,344.62,428.67
63,330.82,156.8,-2.88,-2.78,-3.77,3.75,-1.46,0.51,-0.25,2.93,286.61,190.92,350.9,197.63,276.33,251.99,367.71,252.25,267.91,311.45,375.2,317.76,297.42,318.3,356.25,306.48,260.39,355.63,373.25,353.78,293.8,425.13,346.34,430.21
64,321.92,159.1,2.41,-1.49,8.48,0.94,-7.45,-4.01,-6.96,0.07,289.51,195.2,358.04,199.27,277.9,253.35,361.0,257.22,270.69,309.65,369.28,317.13,294.14,312.65,342.84,315.2,262.41,361.25,382.28,357.65,293.18,431.75,347.44,428.26
65,323.16,162.41,5.17,7.11,-3.47,0.06,0.05,-0.39,-2.6,-5.94,290.37,195.42,350.34,195.32,270.6,259.43,365.6,260.81,278.74,319.6,371.94,314.18,289.85,324.22,341.31,313.71,260.9,359.04,375.33,358.18,299.92,426.78,339.43,433.77
66,321.97,156.97,-6.33,-2.98,-0.22,4.66,-4.15,-0.34,2.7,-9.53,294.14,194.72,351.33,200.44,279.34,261.66,355.49,256.31,270.55,318.67,371.91,322.61,297.43,318.38,337.61,317.41,262.05,355.42,382.14,363.42,295.51,417.74,339.89,437.54
67,317.81,152.0,4.94,0.05,4.42,1.11,1.83,1.45,2.79,9.11,293.88,193.62,351.79,204.51,279.81,258.23,369.66,263.65,280.29,316.94,367.97,318.71,293.04,316.35,333.95,318.18,261.52,358.0,387.7,360.03,300.16,431.05,348.31,431.12
68,325.48,160.16,1.98,1.47,-1.15,1.62,8.94,-1.08,1.68,5.03,294.56,199.99,340.47,202.01,266.12,265.82,365.68,263.94,266.39,313.73,371.04,319.8,293.03,320.25,356.07,323.25,264.24,363.35,385.88,359.22,286.78,429.25,348.25,426.12
69,319.29,156.69,6.01,3.0,2.61,2.49,-0.15,0.79,-4.74,-8.75,290.6,200.75,354.84,205.74,281.28,255.46,363.59,261.38,280.13,325.37,374.48,317.9,291.47,322.39,340.6,318.28,259.92,366.15,378.2,350.02,297.02,427.2,345.17,429.65
70,318.91,161.65,-6.13,-2.07,2.74,-2.46,-6.44,2.67,4.49,-0.18,282.16,201.32,343.36,199.73,271.45,253.85,363.23,257.76,267.42,320.85,368.22,322.41,296.12,315.1,341.54,311.3,262.22,357.98,369.46,357.25,291.4,436.3,338.19,424.23
71,324.44,162.5,-2.98,-2.53,2.46,-9.31,-7.44,-1.12,6.2,-1.74,290.4,201.61,358.43,194.77,274.93,264.36,358.91,261.18,265.93,317.48,369.03,313.24,291.07,317.01,348.98,315.38,262.33,361.11,374.07,361.79,298.28,440.41,343.5,428.17
72,323.08,158.5,-2.14,-1.61,2.16,-3.31,-1.64,0.36,3.98,-2.42,282.63,187.56,344.96,189.97,274.38,250.47,362.19,252.13,268.24,320.52,372.65,315.29,293.16,311.58,346.31,315.65,259.71,358.24,368.53,358.94,298.05,428.88,352.27,426.48
73,320.87,152.84,-0.4,-0.46,0.43,3.39,5.51,-0.01,3.26,-2.81,293.06,189.94,354.36,201.83,274.51,244.21,362.81,257.91,272.21,313.98,374.03,314.92,299.87,313.85,351.09,311.61,268.53,355.96,372.68,364.02,295.86,433.22,345.49,427.65
74,320.04,156.14,2.22,-6.85,-0.86,7.13,-0.86,-7.2,7.57,2.73,289.72,188.91,354.33,188.22,279.59,252.56,365.98,250.97,269.3,314.57,366.54,303.9,297.46,309.07,346.92,308.18,265.44,359.31,373.09,354.21,293.75,438.08,338.06,432.0
75,313.28,147.07,-1.73,-8.34,1.56,-1.52,-8.4,3.36,5.74,5.96,291.44,187.68,355.31,194.23,279.53,243.73,365.81,249.26,262.76,309.38,379.09,310.06,300.89,303.23,344.71,304.03,265.49,351.14,376.32,360.49,291.04,433.87,344.65,431.36
76,321.84,148.34,0.33,5.64,1.24,2.5,-3.33,8.63,1.88,2.85,283.57,181.07,354.95,185.51,267.34,248.52,362.82,250.01,269.65,305.18,374.72,300.78,291.03,297.33,348.31,292.79,264.27,357.04,366.64,352.18,287.57,427.28,344.97,433.72
77,316.92,147.68,-2.74,-2.73,6.15,0.85,-2.21,-0.62,5.41,5.86,286.73,180.88,350.36,177.1,274.78,241.07,369.56,245.88,268.68,300.19,372.66,298.71,297.35,293.12,341.12,289.64,279.05,351.79,373.3,350.36,296.16,439.57,340.77,422.41
78,325.15,134.31,-0.08,-2.34,1.07,-3.8,-0.72,1.8,-4.03,-2.8,288.61,171.9,348.31,178.09,273.4,236.53,364.92,234.99,272.76,303.36,368.14,299.55,294.04,290.12,351.26,290.69,268.58,352.86,369.26,350.16,298.98,427.24,339.06,430.56
79,312.97,133.17,5.15,-7.64,-5.12,-4.13,-0.25,-1.46,5.6,3.82,291.98,174.71,351.57,170.68,278.43,229.68,368.34,238.87,270.84,293.42,371.6,282.68,296.21,283.33,344.8,286.6,277.81,345.09,361.32,349.92,295.46,430.65,349.16,425.66
80,320.7,135.82,-6.94,0.72,-2.34,-1.48,-3.62,-0.68,7.37,-5.06,285.32,165.45,356.91,168.81,274.9,229.05,361.22,229.72,279.83,296.23,366.59,293.25,291.67,271.82,349.08,283.56,284.72,346.38,358.79,351.26,296.57,428.43,338.52,430.46
81,324.32,122.48,2.56,1.33,3.0,3.49,-2.78,-6.47,-2.13,3.56,287.83,164.5,342.71,174.29,278.3,230.35,368.87,229.58,269.02,286.62,368.29,297.81,297.22,272.33,346.86,270.14,288.93,344.27,359.1,351.17,296.54,430.38,345.04,429.77
82,317.69,122.24,5.92,-0.43,-3.14,-2.07,4.4,2.7,2.24,-1.03,292.29,161.47,348.96,167.92,278.5,220.11,361.58,224.48,276.9,276.38,371.11,278.54,292.46,268.2,343.32,267.52,285.2,343.48,348.98,348.74,298.01,433.37,338.84,431.2
83,322.7,116.9,0.04,-0.47,7.37,7.7,-6.66,9.98,-3.66,3.92,293.88,157.04,351.97,160.59,277.22,221.94,369.79,221.32,269.33,285.4,372.32,283.95,292.34,261.25,342.73,262.94,290.43,348.31,352.09,350.13,300.47,430.97,341.71,436.3
84,319.76,118.78,-1.36,-3.56,-5.87,2.53,-3.13,12.24,-4.34,-5.03,292.04,164.39,350.26,160.56,267.63,215.56,360.71,210.69,270.47,269.3,364.71,276.12,291.67,263.17,346.22,265.16,292.22,347.87,350.78,344.52,297.05,430.57,343.41,428.67
85,316.73,117.54,-0.38,-2.65,-2.65,-4.84,3.92,0.31,-3.45,3.23,287.76,150.22,354.08,153.7,273.36,216.01,369.57,215.93,265.2,278.02,368.06,283.4,295.0,249.25,346.43,265.97,297.21,349.66,345.02,345.99,292.11,430.9,339.91,427.42
86,317.3,117.39,3.2,1.11,-5.4,-1.25,-2.98,3.48,4.71,4.23,286.98,142.84,342.93,159.49,273.39,210.8,371.57,218.86,270.1,272.63,369.47,274.71,301.4,257.01,347.9,260.0,287.66,344.54,346.48,331.46,286.49,425.93,347.12,430.46
87,320.74,119.97,-5.08,-0.11,1.22,-2.95,0.11,-6.4,5.64,-2.73,298.13,152.03,354.11,151.95,274.88,209.83,365.48,213.43,266.86,271.66,367.56,281.36,294.64,259.21,344.22,254.06,288.2,339.08,347.36,347.21,295.89,435.53,347.56,436.51
88,319.76,120.53,-1.94,-3.07,-4.84,9.32,3.28,-1.34,5.0,2.75,297.86,144.78,348.94,149.12,267.11,215.21,363.92,213.93,279.44,269.56,368.32,271.44,298.95,249.09,342.48,255.58,295.84,332.21,340.78,346.39,296.61,426.95,344.32,430.05
89,322.94,104.81,-3.36,1.09,-0.4,2.29,-4.92,1.43,4.37,1.95,290.56,149.86,346.66,149.96,280.04,209.77,361.44,208.27,270.8,268.75,371.94,272.33,298.56,256.03,348.98,246.6,291.22,339.79,343.37,335.54,293.23,428.1,342.31,428.74
90,324.71,110.8,9.89,0.68,-1.16,0.02,1.03,1.74,8.31,-3.38,293.44,150.83,343.72,153.08,280.07,206.57,364.96,203.1,264.96,274.19,368.13,265.56,295.92,247.91,343.12,252.96,290.35,336.38,345.62,343.88,299.95,427.34,348.75,426.86
91,327.3,105.71,5.31,-2.63,8.05,2.37,-4.06,-2.09,3.12,4.21,289.72,150.42,353.03,150.77,269.83,206.99,365.94,215.11,276.46,273.36,371.15,273.24,292.33,249.73,341.7,245.35,296.16,340.84,347.92,342.28,295.97,432.23,344.83,431.65
92,317.1,112.45,2.67,-2.68,0.21,-2.49,-2.11,-4.5,5.06,4.26,292.15,158.86,349.24,163.1,274.09,211.99,363.41,212.46,273.34,270.51,377.11,271.93,296.08,247.72,346.67,250.82,291.89,337.28,356.36,339.33,289.17,427.21,344.79,432.19
93,322.22,114.87,-2.58,1.36,-3.5,-2.48,-3.67,-4.75,4.26,2.75,293.91,152.32,353.11,145.12,278.45,212.87,367.51,213.68,266.05,266.17,367.15,274.42,297.76,247.55,341.08,250.13,292.06,335.42,340.82,337.58,295.35,425.28,344.54,434.23
94,314.79,112.97,4.1,-1.67,-2.29,4.65,-1.22,4.42,1.72,-1.37,291.92,155.08,354.08,151.61,275.16,213.55,367.82,209.7,274.07,275.66,364.73,278.63,303.94,259.33,350.71,255.66,285.69,334.14,348.68,339.15,291.34,429.75,347.46,424.19
95,318.2,121.89,-4.3,3.48,-1.94,2.18,4.39,2.97,3.64,-4.61,294.45,152.44,351.04,156.88,276.94,217.2,361.62,210.45,273.49,276.59,374.6,275.67,289.38,262.05,343.52,259.56,288.32,348.92,345.59,340.99,295.43,425.63,346.32,436.45
96,318.04,119.85,-11.0,-0.16,-1.25,-3.27,4.33,-1.3,-0.71,-1.51,282.33,153.74,353.84,149.83,271.93,216.67,371.97,221.35,267.77,283.49,367.04,282.31,289.56,265.87,343.38,257.47,288.34,344.42,348.81,345.52,292.67,432.48,346.77,429.76
97,318.23,121.63,2.2,8.25,3.76,3.9,12.35,2.06,1.94,2.82,285.96,159.24,347.98,163.61,274.3,221.57,369.35,224.47,269.35,278.34,374.54,284.12,288.57,264.18,345.66,268.54,290.93,345.54,355.06,344.66,292.3,428.95,345.08,429.86
98,312.46,122.45,0.22,-1.13,-0.99,1.95,-4.32,-6.51,-1.39,3.06,296.75,167.17,344.13,163.11,276.03,224.75,367.16,220.37,270.26,285.72,373.3,280.82,293.62,258.84,342.51,267.56,281.09,346.28,354.6,336.58,295.86,426.29,346.94,424.87
99,320.12,126.14,1.21,0.5,-1.02,-6.15,-5.91,-2.34,-0.03,-2.43,292.5,166.16,346.14,166.16,275.9,228.57,372.51,224.6,269.71,288.98,369.91,285.27,288.8,272.14,340.71,267.28,279.73,342.72,359.43,349.31,291.38,428.96,337.57,428.02
100,321.6,133.96,-2.85,4.21,-6.06,-4.99,2.84,6.68,1.97,-0.16,281.22,162.57,350.52,169.23,270.58,230.92,365.46,234.44,270.55,295.57,370.03,290.2,299.26,275.01,356.26,280.42,282.06,350.36,366.97,351.43,288.58,435.61,343.64,430.43
101,314.88,136.23,-2.61,0.4,-1.14,7.7,7.93,0.19,0.26,-1.49,294.42,172.81,348.31,178.04,272.85,233.98,358.67,236.94,277.76,297.01,375.85,290.74,295.95,280.01,344.09,286.87,278.52,344.0,356.63,344.13,296.97,438.26,350.45,422.42
102,325.68,141.36,-6.18,-1.21,4.38,2.2,-5.24,2.44,-8.55,-0.89,294.55,177.69,348.0,181.17,278.9,242.85,368.5,241.94,272.93,298.68,370.36,296.66,290.15,284.84,343.87,289.62,281.43,350.88,368.34,355.36,294.07,432.38,344.03,435.29
103,322.54,136.29,0.65,6.59,-0.72,1.79,2.18,-4.15,2.04,-5.58,287.5,185.35,351.43,179.83,276.79,240.81,365.05,243.68,267.09,301.21,368.75,294.71,291.32,299.74,346.54,288.17,267.1,351.97,372.98,351.67,300.23,431.41,346.89,424.66
104,323.75,143.03,3.45,-3.26,0.71,1.41,-0.62,1.62,-1.07,-2.6,296.42,188.56,346.96,186.64,272.03,239.63,369.14,237.55,273.71,303.35,369.15,306.0,297.32,294.81,347.87,298.56,265.92,353.07,374.58,360.45,297.87,425.24,346.96,433.4
105,322.9,150.64,1.45,-0.29,-2.43,-7.59,1.36,0.74,2.23,-5.35,292.58,195.72,350.31,187.25,276.24,255.63,360.91,248.31,266.8,305.31,369.8,312.89,302.2,304.29,343.49,312.47,267.04,352.72,364.15,360.58,298.87,439.67,339.44,435.83
106,320.28,153.62,-6.59,5.87,3.15,-0.16,2.58,-3.06,-2.32,-1.85,282.59,193.84,354.77,187.59,276.39,249.33,366.31,247.88,266.47,314.6,369.74,318.48,295.19,302.84,349.91,309.07,269.63,360.92,370.66,355.65,294.31,424.84,343.95,435.35
107,320.95,147.6,-6.22,6.66,-0.36,-2.59,-1.1,-5.91,5.69,-1.57,295.47,193.19,355.72,194.01,278.41,255.86,367.49,254.38,269.07,320.65,366.37,313.0,295.06,311.79,343.28,311.44,264.24,350.87,375.13,352.79,288.06,430.55,346.95,432.11
108,322.27,147.5,-5.44,7.89,-4.19,2.44,-2.75,0.32,-2.53,2.25,290.55,193.43,345.8,196.3,270.15,256.94,375.51,260.63,272.87,314.88,362.24,309.94,300.13,310.16,342.2,312.65,259.09,353.18,376.46,354.52,292.04,426.88,347.09,429.07
109,319.29,159.46,-0.57,-1.11,1.88,2.67,-0.59,0.32,-3.13,-3.44,293.08,198.85,351.82,198.2,275.18,259.86,368.74,260.72,269.6,322.62,370.91,319.6,296.13,316.89,342.06,318.71,273.43,357.33,378.24,357.04,293.05,436.18,342.31,428.1
110,313.65,155.46,-6.83,2.53,11.2,-1.47,-6.67,3.6,-2.91,5.2,288.87,195.97,349.29,201.52,274.09,256.51,364.2,253.4,271.59,311.35,368.22,321.53,296.21,320.25,344.74,322.57,264.75,361.18,382.65,362.4,293.24,424.62,346.68,432.18
111,324.36,155.71,-3.63,1.84,-0.28,-7.54,1.5,-7.41,-3.78,5.41,297.3,194.59,348.68,199.62,282.12,257.48,363.09,265.65,268.5,322.34,364.09,318.77,288.36,315.01,348.36,319.04,259.11,356.79,378.73,360.99,298.93,419.5,341.67,430.64
112,319.6,161.55,1.07,-1.22,-2.11,-0.98,4.59,-2.93,-0.25,0.73,296.24,198.74,353.84,204.87,274.74,259.1,363.68,258.92,273.42,320.86,370.94,315.44,291.13,328.49,344.29,316.82,265.77,361.1,382.27,359.42,293.73,429.32,339.47,429.65
113,321.18,167.34,0.34,-9.34,-0.38,10.96,3.47,-3.24,2.36,-2.97,284.58,198.55,350.37,192.45,270.4,259.98,363.37,261.52,265.14,322.8,365.26,326.51,288.14,315.54,346.67,326.57,261.3,362.23,380.03,355.87,293.04,425.15,339.89,431.61
114,315.51,160.73,-5.21,1.19,-1.95,5.63,1.29,4.94,-3.02,0.22,286.08,197.8,348.95,196.55,270.14,253.8,355.64,255.23,272.51,313.06,364.53,326.62,292.45,320.52,347.57,321.89,254.29,358.86,373.14,369.57,288.62,425.81,340.84,424.01
115,325.41,168.18,-1.9,-5.28,-8.95,-0.98,-1.27,-2.61,0.89,1.58,291.29,197.23,345.59,201.16,275.05,262.05,368.16,252.81,264.26,315.47,365.77,321.51,296.41,322.29,346.59,318.72,265.85,361.28,379.22,365.32,295.46,428.78,341.65,432.81
116,324.95,156.87,5.23,-7.88,-0.22,-0.16,-2.91,9.54,-0.26,-1.63,290.1,189.06,346.96,201.01,272.48,253.76,370.24,262.43,272.07,315.25,369.04,313.86,291.02,311.73,342.53,311.76,255.79,359.71,378.89,365.63,292.33,431.18,346.25,428.98
117,322.98,158.33,1.31,-1.02,-1.43,-5.47,-3.22,-2.49,-4.5,1.76,294.79,191.59,351.13,191.09,273.78,252.46,367.41,252.51,274.05,314.24,367.4,310.21,296.01,316.9,346.09,322.27,269.06,356.86,375.39,359.97,291.65,434.67,346.45,431.03
118,322.75,159.87,0.68,-0.45,6.03,3.87,-1.28,0.02,0.78,1.45,284.57,186.81,346.45,189.12,272.42,255.52,364.32,253.77,265.1,311.14,372.35,315.36,292.1,310.82,353.8,310.11,262.14,356.5,375.46,356.59,294.87,424.23,341.15,429.4
119,319.34,148.13,-0.71,0.24,3.56,-0.4,1.6,-2.17,2.29,1.5,293.46,193.25,352.35,190.0,275.98,254.65,362.39,247.88,270.73,312.05,366.7,310.09,294.62,297.69,344.12,305.92,266.08,361.82,368.41,352.86,284.55,428.08,343.42,427.96
120,324.43,150.94,0.31,-1.48,4.1,-0.08,-3.27,-6.86,-1.77,3.02,299.11,187.75,346.94,182.76,277.21,240.44,367.2,250.77,271.75,306.62,372.26,308.18,291.89,309.9,343.59,305.6,259.08,360.11,377.13,355.12,297.24,432.23,342.43,432.19
121,316.77,141.93,4.51,3.9,-2.83,-2.93,-2.58,2.93,-4.0,1.43,292.99,184.01,354.04,183.15,274.14,240.46,369.07,241.3,271.4,304.08,365.79,301.93,300.53,298.92,340.96,299.33,270.36,367.56,370.2,352.22,300.68,422.64,345.38,437.98
122,319.54,134.11,-1.58,5.82,1.5,-3.36,-2.74,-2.24,1.44,5.35,294.21,182.87,344.67,175.74,277.13,235.67,364.1,242.26,265.45,296.95,369.62,303.06,299.25,295.9,345.29,290.48,268.98,350.38,368.37,353.77,286.6,426.86,349.82,430.32
123,314.33,147.04,-0.12,1.54,1.6,-1.47,-2.91,8.49,4.01,3.29,292.31,173.6,355.11,174.24,276.13,231.06,356.84,238.89,266.76,289.66,372.16,306.09,300.56,287.63,345.04,292.21,280.16,349.67,364.47,352.25,297.22,429.47,344.52,435.52
124,324.84,136.04,6.88,-1.55,6.49,2.17,13.08,-4.77,-2.76,1.68,291.59,181.93,347.33,177.75,279.65,236.95,361.16,239.76,274.92,296.53,370.82,295.03,294.69,286.34,345.12,280.38,273.92,346.64,362.78,349.54,295.86,432.0,342.49,435.86
125,318.93,128.93,1.93,-7.35,-3.16,3.92,-6.95,4.47,6.04,-1.48,291.17,175.14,348.13,174.13,272.32,228.75,361.8,232.03,274.63,289.92,364.92,286.33,296.58,286.3,346.57,277.37,283.6,347.31,357.95,344.43,300.63,419.84,348.19,428.15
126,318.36,134.04,-2.86,-2.72,-0.52,1.66,-1.77,-6.3,-3.46,5.13,290.3,169.08,348.95,164.64,281.71,226.52,363.23,231.66,267.11,284.9,370.04,287.28,296.04,282.55,346.34,264.67,284.21,347.06,357.27,347.89,294.89,429.79,347.45,427.83
127,316.21,136.14,-2.86,0.4,-5.98,0.47,-3.73,-1.77,4.18,1.89,292.27,156.96,357.35,159.27,281.11,228.13,367.31,220.62,270.61,282.16,370.12,283.04,286.85,274.14,344.68,267.72,282.93,347.05,351.25,336.6,296.63,432.08,344.2,425.41
128,320.36,115.16,-4.11,-3.0,3.38,-1.45,-1.79,7.82,1.41,1.36,288.52,158.63,341.25,164.9,276.79,220.3,364.45,223.96,263.78,278.66,365.45,288.11,298.5,256.62,338.94,264.9,285.4,339.11,360.49,345.66,296.9,427.23,347.89,428.48
129,318.87,120.72,-6.52,6.39,0.73,5.12,-4.3,-3.69,-4.65,1.0,290.26,156.41,345.94,153.21,274.81,216.41,362.26,224.46,269.67,283.35,367.87,279.25,294.78,254.79,350.71,261.04,292.2,340.3,350.13,339.84,299.94,431.25,346.47,435.43
130,324.63,118.91,-5.69,-2.78,-4.02,2.91,0.68,-5.56,-0.75,-5.98,289.79,149.23,352.12,157.36,282.63,219.24,363.31,219.12,264.41,272.0,371.33,267.22,294.85,254.11,345.41,253.88,292.6,342.42,354.7,342.37,291.93,429.01,339.62,431.62
131,322.36,123.68,-2.49,-1.07,-2.3,0.85,1.53,-0.21,4.35,-2.47,293.94,155.95,349.95,152.54,284.71,210.53,366.19,210.8,277.14,277.35,367.29,275.85,296.03,253.25,348.03,256.88,293.2,341.35,349.38,342.44,295.24,427.44,351.78,425.8
132,321.71,110.88,7.04,-3.61,-2.94,-3.88,1.29,-5.49,-1.91,-8.61,290.96,150.16,344.05,156.5,269.77,215.35,362.2,218.57,273.0,268.13,366.33,274.58,293.95,252.35,350.09,250.03,293.85,344.68,349.75,340.23,293.84,423.04,340.78,431.27
133,319.45,111.27,4.16,-4.75,-0.94,0.75,-2.82,5.73,3.63,1.16,297.18,144.97,349.97,152.43,271.34,212.17,360.57,213.73,274.23,272.06,362.59,267.1,297.26,251.44,334.22,256.33,294.87,337.11,349.66,337.68,292.25,431.43,352.12,436.49
134,321.44,112.09,3.17,-5.03,2.58,-2.94,1.27,-0.91,2.0,0.47,277.71,150.96,352.57,152.03,274.59,216.81,366.25,211.99,274.18,271.69,366.41,260.49,293.09,253.38,343.59,253.55,295.42,345.25,343.99,341.97,297.02,436.01,338.17,428.17
135,323.39,116.18,0.96,-1.17,3.03,3.47,-1.44,1.32,4.72,7.56,292.97,150.18,349.78,152.23,274.54,210.76,360.77,215.19,265.44,268.27,370.39,277.96,293.31,247.34,342.8,256.64,283.75,335.99,355.93,342.36,290.58,429.83,345.27,433.38
136,327.36,111.8,-2.16,3.15,-2.79,-4.13,-7.04,-6.26,-3.59,-4.71,291.25,145.45,337.43,146.07,273.11,207.82,371.08,207.79,273.52,270.17,369.83,266.9,294.76,247.28,345.68,249.4,291.05,344.06,346.88,338.31,295.58,429.66,341.53,430.28
137,317.52,107.19,-6.49,-1.43,2.27,-2.78,10.08,3.54,5.22,3.18,297.41,147.82,339.76,149.18,277.23,211.57,366.1,216.25,271.53,274.16,366.24,266.59,301.46,251.76,342.51,248.87,291.73,337.55,340.55,334.39,294.22,427.63,349.43,431.17
138,321.06,109.19,-0.48,1.44,2.86,-0.38,4.32,0.03,3.17,-1.96,282.75,153.23,352.9,154.46,276.69,210.77,361.77,214.37,271.71,269.92,374.44,268.63,292.67,259.57,348.47,251.59,294.64,341.48,335.53,337.24,294.8,428.57,345.99,434.52
139,318.71,109.57,1.3,-1.31,-0.62,-1.17,8.97,-8.96,-1.55,-0.01,286.88,157.4,353.25,153.61,273.92,213.35,364.58,213.49,269.25,274.81,373.01,268.88,290.8,248.32,348.47,256.32,294.36,335.8,354.8,339.08,295.67,433.42,341.05,427.81
140,320.72,127.28,1.2,6.43,4.82,1.47,-3.96,4.24,-5.99,6.4,290.8,145.25,348.64,158.46,274.05,218.71,361.6,210.62,269.71,275.98,368.61,280.76,291.6,259.44,345.27,251.96,285.63,342.39,357.02,344.66,288.1,417.56,347.93,429.62
141,324.57,114.75,1.4,3.38,-1.79,-1.7,0.1,2.17,-0.06,3.9,288.15,152.96,357.91,155.85,272.73,218.01,365.27,216.73,269.93,278.11,370.7,268.84,302.52,260.99,347.32,256.07,287.33,340.62,356.67,340.97,298.03,427.4,343.19,429.02
142,325.14,113.46,-5.26,-7.79,-4.35,-3.25,-6.46,-2.94,-8.06,-4.07,294.8,162.63,350.75,157.01,268.86,216.46,364.83,224.49,273.61,283.54,367.05,281.12,293.71,264.62,353.15,258.38,286.35,349.26,346.85,341.83,292.88,429.11,338.62,432.38
143,322.67,126.07,-3.48,0.35,-3.6,-1.33,8.61,0.38,-4.75,0.72,284.59,159.24,345.84,162.26,278.75,226.35,367.09,219.65,267.83,285.13,367.49,282.93,296.77,268.26,345.9,276.03,284.48,350.33,357.07,339.75,290.59,426.67,341.58,429.64
144,322.46,132.3,1.23,-1.78,-8.33,0.28,0.1,0.73,8.42,4.96,293.14,163.43,347.95,166.9,271.9,229.28,366.43,222.92,274.79,287.68,363.08,287.07,296.12,278.08,343.65,277.5,283.66,341.65,351.43,351.4,299.78,431.29,350.98,434.23
145,322.73,127.01,6.93,2.15,-1.54,-2.67,1.03,-6.68,2.8,-3.81,291.48,168.57,348.94,167.63,274.36,238.22,370.54,232.08,269.9,294.04,374.52,287.34,294.69,271.63,349.49,287.18,280.86,339.76,361.9,344.65,292.35,432.51,346.02,428.05
146,317.4,134.63,-1.64,-4.44,-1.33,1.36,-0.71,-5.65,3.96,-10.96,288.21,171.65,350.59,176.37,279.51,231.28,367.35,234.91,263.15,301.73,364.24,295.81,296.56,284.88,343.02,287.09,271.87,349.39,359.63,346.94,296.71,434.31,343.63,433.12
147,320.2,134.04,-1.03,-1.2,-2.79,1.71,0.94,-6.36,-6.61,1.7,286.74,178.82,353.12,172.53,269.35,244.31,366.41,235.94,266.26,295.57,365.24,301.15,291.89,293.03,343.4,284.49,273.97,340.55,363.85,350.36,298.3,422.45,349.65,433.28
148,325.01,140.84,4.06,-5.88,2.85,-3.08,-6.61,-4.5,0.02,-3.3,291.5,173.82,341.49,186.54,278.62,236.85,364.99,245.13,271.68,301.64,374.38,298.13,295.12,293.4,343.91,291.91,273.56,352.56,362.54,355.63,291.09,429.13,343.82,431.43
149,311.52,147.93,-2.71,4.88,-1.91,-0.2,7.66,-1.11,4.96,0.16,291.66,184.64,353.39,181.62,271.06,241.81,365.4,243.48,272.84,309.58,366.1,301.43,289.26,306.23,346.22,300.03,265.58,353.74,371.09,352.74,299.3,439.25,341.21,425.91
150,316.49,153.92,4.17,-0.54,0.15,-3.27,3.56,-1.52,-1.04,2.44,289.25,186.56,350.04,190.68,281.59,249.84,368.21,246.7,267.17,310.12,370.68,301.81,293.69,302.17,342.96,308.43,270.67,360.49,372.3,355.33,291.25,430.05,345.05,424.53
151,317.84,149.1,1.65,1.85,-2.33,1.88,-0.73,-11.48,-1.94,4.32,283.27,190.84,356.34,187.35,275.01,245.18,371.51,250.06,270.19,315.81,372.65,306.89,292.41,308.53,342.5,298.08,266.51,350.24,379.74,356.86,291.38,427.21,337.44,425.6
152,324.07,161.91,2.91,-0.37,-1.73,-3.83,8.24,-0.75,8.46,5.57,283.04,190.32,347.32,192.66,274.76,264.97,360.69,253.9,272.47,312.98,370.44,308.8,295.43,312.22,346.31,312.46,270.56,360.94,375.37,352.51,292.6,429.12,346.01,428.09
153,316.26,150.47,-6.6,-0.94,-5.88,-4.0,-1.58,-5.34,1.52,2.96,287.8,193.48,352.15,192.37,271.87,260.01,368.54,257.63,273.7,307.32,375.42,316.79,299.04,314.86,345.2,312.21,264.81,356.84,380.13,351.74,292.83,438.18,342.5,429.05
154,316.47,158.42,-2.95,-0.74,3.4,-2.8,3.15,3.29,4.22,0.56,302.97,201.29,351.3,193.57,274.61,262.78,371.84,262.99,273.14,312.05,371.95,312.11,289.05,316.86,347.09,319.52,264.04,360.96,374.01,358.41,288.97,421.99,347.96,426.99
155,323.49,162.93,-2.48,2.36,-2.64,-7.38,0.49,-1.88,-1.76,7.9,283.9,200.02,346.02,202.13,276.19,260.01,361.22,255.43,273.71,325.58,371.92,314.9,296.36,327.6,345.41,323.74,258.09,359.23,381.42,360.99,291.93,426.76,348.95,434.77
156,326.05,166.67,0.54,-1.24,5.4,2.85,-3.93,-4.13,1.97,-0.71,289.89,203.74,353.04,204.77,267.27,260.47,367.78,253.35,267.38,316.09,370.09,325.97,303.09,315.98,347.11,321.47,261.93,361.38,380.83,366.53,299.41,425.76,348.18,433.57
157,321.26,164.46,0.75,0.8,0.48,-8.07,-0.32,-2.67,-4.75,5.74,292.02,199.82,347.74,201.12,278.97,256.63,364.98,263.41,262.26,319.71,368.28,319.4,292.99,320.47,352.69,318.62,261.21,367.95,377.76,367.23,295.02,437.13,348.0,431.23
158,319.74,157.44,0.3,3.59,-0.05,-1.27,-1.0,3.97,4.9,-2.67,287.33,201.46,356.11,204.52,269.99,258.88,361.28,258.87,276.42,314.25,363.52,316.62,296.15,322.4,346.75,324.62,252.99,364.73,378.71,362.9,289.71,430.02,345.95,434.62
159,313.66,159.58,-4.34,2.02,3.11,5.15,-2.14,3.71,5.44,-6.57,292.45,203.29,348.97,194.61,278.77,254.66,364.29,259.29,272.86,316.95,367.26,319.85,299.03,328.38,338.97,320.5,256.04,363.86,375.86,357.08,292.64,429.7,346.29,431.93
160,319.98,153.17,2.91,-0.21,4.65,-2.83,-6.41,-0.14,5.18,0.64,289.2,195.01,357.03,194.37,272.1,260.77,357.58,263.59,272.5,322.09,372.23,317.85,290.75,317.33,341.1,319.83,264.28,365.3,380.43,363.1,293.81,428.09,346.89,428.45
161,321.08,152.83,-3.53,2.54,3.55,-3.94,2.68,-2.13,0.07,5.67,293.23,200.26,357.64,194.26,271.06,254.19,363.98,247.66,269.17,314.9,373.14,318.48,292.6,318.26,347.89,312.83,260.08,349.93,373.59,355.86,295.3,426.22,342.95,425.1
162,320.68,156.93,1.61,0.05,-6.16,-2.48,-1.63,-1.61,0.3,5.7,293.25,191.28,352.71,197.79,271.78,258.62,364.36,249.59,271.82,316.09,369.09,315.08,292.12,315.76,344.83,313.98,264.77,353.47,373.08,349.25,297.26,425.15,345.53,431.48
163,322.41,148.17,-0.26,6.68,6.86,3.95,1.35,-4.02,2.87,-0.63,292.24,190.45,349.31,193.64,275.99,254.96,362.68,247.61,276.5,322.94,371.79,307.69,291.91,312.21,350.36,305.33,264.41,357.98,378.55,355.82,288.74,432.48,349.5,429.67
164,321.62,148.49,-3.38,4.11,1.55,1.96,6.01,-4.22,-2.21,0.63,287.74,193.52,349.25,186.42,275.26,251.07,368.74,251.96,271.84,311.67,369.25,307.53,296.16,305.22,351.76,311.92,269.26,357.67,372.92,351.11,294.14,430.41,345.92,431.88
165,323.69,144.73,-2.73,5.8,3.08,-1.56,-0.43,-0.41,0.13,1.89,300.14,188.26,352.65,180.75,273.06,252.42,366.61,229.94,272.7,315.17,362.02,313.58,283.91,306.25,344.97,293.1,270.53,359.6,372.71,357.34,293.35,422.55,347.77,437.0
166,324.52,136.41,-6.06,-3.38,-6.37,0.18,1.57,-5.72,3.11,2.4,287.81,183.68,342.2,183.04,275.03,245.04,366.52,245.34,268.94,305.51,374.01,303.98,296.27,297.37,342.41,300.2,268.72,355.29,369.17,352.53,293.69,427.97,338.42,431.53
167,320.93,144.45,-2.13,7.58,-1.52,-3.5,-3.97,-6.94,6.13,5.48,292.4,177.46,357.25,179.64,273.92,246.8,367.64,249.85,270.99,299.46,367.55,293.66,293.89,298.05,347.4,293.55,269.29,353.33,370.78,354.14,295.67,426.81,348.47,417.47
168,321.53,147.89,-6.03,-0.97,-0.03,-1.85,4.15,1.89,0.61,3.19,290.07,190.33,350.61,178.39,268.16,235.44,369.59,232.27,261.37,297.74,375.48,297.78,293.66,281.22,346.81,291.3,268.54,355.58,367.39,355.57,297.33,432.61,347.08,433.47
169,312.72,128.12,-2.94,-0.52,1.55,1.3,4.47,4.59,-3.49,0.95,286.61,173.37,351.29,160.49,284.64,236.39,362.62,241.84,268.61,294.66,368.05,300.74,294.58,284.38,349.82,286.12,277.89,354.09,372.04,350.92,295.47,430.68,350.24,427.6
170,318.89,124.51,-4.74,-2.07,-0.22,7.08,2.14,-3.65,-2.91,5.5,294.51,170.77,348.23,175.16,271.03,232.23,374.09,231.48,266.9,292.3,368.12,285.08,297.8,283.39,343.76,277.41,276.69,347.66,357.21,344.22,302.57,431.87,347.29,433.53
171,323.08,125.62,1.09,-1.08,1.75,1.37,-1.53,-5.32,0.58,-0.82,282.44,169.31,353.86,177.39,273.44,225.12,360.56,228.11,270.81,284.03,369.3,279.36,298.71,271.1,344.86,268.48,280.58,345.79,357.05,348.83,300.76,432.93,348.85,435.78
172,322.28,123.89,4.04,4.29,2.59,-5.82,-3.37,-1.1,3.12,-0.09,294.55,169.3,354.8,168.86,270.85,225.97,362.57,217.44,268.85,289.34,371.84,292.11,295.71,279.45,345.71,269.75,280.05,350.06,352.82,343.03,300.12,434.63,349.53,428.55
173,319.8,120.78,3.13,6.21,1.47,7.9,3.59,-0.94,3.31,6.82,297.99,165.77,350.1,160.15,277.3,227.72,366.74,222.84,270.21,279.71,369.35,281.56,301.87,264.47,345.21,261.97,290.15,349.87,359.21,345.22,297.3,429.39,347.11,431.26
174,320.23,118.82,1.81,-1.18,-0.97,6.83,10.84,-4.82,-5.04,-3.83,289.59,161.85,352.37,158.96,277.12,215.5,364.02,218.19,263.66,273.63,365.51,281.33,295.98,264.02,337.64,255.65,291.86,332.19,355.69,336.02,298.37,426.45,349.2,442.83
175,310.91,118.63,-7.23,1.71,-0.83,0.52,-3.65,3.12,-5.79,4.97,288.36,150.24,356.38,155.58,282.63,220.73,361.81,215.51,270.48,281.95,371.75,276.55,294.2,257.99,350.22,258.2,289.33,340.08,346.88,336.73,292.0,435.99,344.17,432.82
176,310.08,116.07,-0.65,-1.93,0.72,-1.98,-8.5,3.69,0.97,-1.26,286.14,147.92,350.9,160.25,275.81,208.27,365.9,213.59,273.46,276.23,358.06,275.98,290.99,249.63,344.25,256.96,285.78,344.34,350.71,341.71,291.53,426.08,349.1,423.96
177,324.26,111.5,-0.38,-6.83,-0.59,2.45,-5.35,1.99,0.36,-2.58,293.42,143.35,351.39,158.64,280.76,213.72,363.79,209.62,268.79,274.34,366.77,275.19,303.53,252.78,339.62,247.65,296.59,340.63,350.02,338.73,298.32,429.37,342.07,428.4
178,315.21,118.93,-0.39,2.58,-2.15,-4.21,-0.94,4.4,-2.08,-3.48,290.62,152.96,356.57,152.38,277.58,213.85,360.39,207.12,265.66,265.64,373.18,272.13,295.32,240.98,353.22,247.78,302.53,334.59,342.43,331.58,296.45,425.59,340.71,424.51
179,323.11,113.09,7.25,-2.74,0.88,-5.16,-1.34,-2.08,1.86,4.07,293.96,146.87,353.99,150.07,273.7,207.41,362.76,217.21,271.23,270.94,368.95,280.03,300.22,247.46,343.91,249.48,295.41,337.29,346.93,345.91,289.75,425.49,343.07,428.25
180,327.99,114.01,3.78,-1.06,-1.15,-5.81,3.13,1.96,5.14,-0.84,289.43,150.68,353.57,144.12,277.94,209.92,360.77,201.66,269.45,275.79,376.7,271.42,302.85,249.83,348.81,248.2,292.94,337.29,336.76,345.15,292.43,426.79,340.28,429.18
181,327.05,118.62,-6.64,-1.42,-4.14,3.95,1.15,-2.55,0.29,-1.91,296.46,152.43,352.68,139.58,274.73,218.58,370.3,202.85,268.75,265.44,376.84,271.22,291.93,250.48,334.57,246.0,294.98,343.48,337.41,338.57,299.04,424.19,345.92,430.26
182,326.86,110.05,-0.69,3.42,-5.31,-0.88,-1.82,-0.56,3.39,2.22,287.01,151.52,355.96,147.64,275.58,210.2,364.75,204.45,275.64,267.87,374.1,268.48,292.5,256.21,348.98,252.19,297.37,339.23,345.64,337.74,298.62,427.23,350.94,428.74
183,320.08,115.2,0.1,-1.19,-0.12,3.58,-2.65,-0.5,0.04,3.46,289.6,159.39,349.37,151.21,274.32,206.89,360.85,210.04,274.54,272.03,368.06,277.07,301.2,258.05,341.59,251.04,300.74,341.83,345.44,343.74,299.03,427.71,345.88,433.71
184,315.36,113.85,-4.46,-3.93,-2.25,1.91,-1.29,-2.59,0.21,-4.59,291.72,158.32,349.68,152.99,276.49,205.68,367.15,226.21,269.51,273.32,372.97,280.38,298.9,246.7,347.25,265.61,294.83,336.9,348.79,336.4,299.93,426.18,345.3,426.57
185,317.81,121.79,0.41,-2.24,-4.58,-7.49,-5.01,0.45,3.92,-2.24,296.28,152.98,349.05,151.53,278.96,224.24,357.95,214.46,275.06,270.06,372.27,280.73,295.31,260.39,352.04,265.98,290.66,340.21,345.41,346.25,289.51,428.99,345.41,427.99
186,321.12,128.53,-0.49,-1.74,4.06,0.96,5.76,0.66,-0.99,-7.13,283.52,150.93,351.52,152.82,280.02,218.39,364.02,214.9,272.49,275.05,366.06,283.03,296.42,260.64,347.57,261.62,290.74,340.04,359.07,340.99,301.22,429.24,348.23,432.94
187,324.59,117.66,4.3,7.39,-1.03,0.14,-2.09,-1.39,6.85,-4.02,286.23,167.46,352.5,169.5,273.2,221.53,362.36,221.59,262.9,283.76,371.29,280.79,293.44,261.85,347.91,260.74,289.33,352.71,358.66,338.39,292.85,431.69,344.72,424.4
188,321.54,124.0,7.66,-1.01,4.67,-5.07,-4.11,2.89,4.33,-3.83,290.1,158.51,349.28,167.39,273.26,223.04,360.48,221.45,277.03,284.33,365.99,282.78,288.61,265.6,350.44,269.09,292.73,345.23,354.68,348.18,284.31,430.82,344.8,435.94
189,323.86,122.74,4.97,-1.05,-3.62,0.79,-0.81,6.15,1.36,0.82,293.6,171.65,353.13,172.95,277.43,227.95,369.96,226.91,270.13,294.16,376.49,287.24,293.19,280.04,348.2,275.45,281.62,348.24,357.01,344.25,295.52,431.06,343.5,433.62
190,325.16,134.54,-1.1,3.02,0.31,-4.94,2.69,0.58,10.37,5.83,292.84,171.66,350.65,166.64,268.04,227.17,364.81,222.24,267.82,289.67,369.14,288.01,293.63,285.82,347.65,276.68,280.27,348.15,356.39,345.19,299.04,428.32,340.62,429.83
191,320.47,126.24,-0.16,3.47,1.8,8.92,5.0,5.8,11.2,3.03,290.65,178.02,347.76,174.56,272.41,235.72,362.39,231.38,271.65,293.58,362.29,288.31,290.41,280.25,346.66,284.65,282.37,352.66,366.18,352.08,295.84,434.4,348.68,431.5
192,325.08,128.23,-1.16,-1.22,4.61,6.29,-5.8,5.64,-4.69,-4.56,289.06,176.34,343.77,180.21,277.72,241.83,363.27,237.45,269.88,304.37,358.66,293.79,295.02,284.32,343.97,288.15,273.04,351.3,366.84,350.1,293.19,429.34,344.97,423.04
193,321.85,139.24,5.05,2.36,4.68,-4.04,-1.49,-4.97,-2.82,5.01,295.95,176.46,348.17,180.74,277.34,234.01,358.59,243.01,262.2,299.26,370.65,302.71,294.43,292.0,348.38,294.61,270.68,352.57,368.27,359.29,298.15,434.86,342.56,427.9
194,319.06,143.79,-4.03,5.06,3.53,-1.22,2.57,0.89,2.88,-5.38,289.42,184.13,352.49,181.85,265.0,240.04,364.76,244.62,276.73,306.7,370.33,304.24,299.42,295.75,344.44,293.75,276.62,355.32,366.23,353.29,297.04,429.0,342.86,427.38
195,321.36,146.07,-1.82,-5.34,0.31,-0.72,-1.29,0.8,2.99,2.81,292.21,186.54,347.73,183.32,272.63,247.58,361.85,247.88,266.14,300.86,373.28,305.6,291.65,298.12,346.69,308.0,267.14,354.14,375.54,347.76,302.87,439.78,334.17,429.61
196,317.12,149.33,-1.67,3.25,-0.45,-3.64,-0.69,2.06,-4.73,-6.58,297.97,187.82,349.45,188.8,277.19,257.48,367.32,244.32,264.46,308.8,368.93,303.5,298.28,302.2,350.97,313.83,265.73,357.91,368.35,358.65,293.01,425.65,343.84,428.14
197,318.7,156.78,-3.14,6.94,-5.3,6.46,-4.07,-0.0,-1.96,-1.37,293.21,198.98,354.76,191.36,275.74,249.86,361.03,248.4,268.25,313.98,362.35,312.8,301.06,314.66,342.66,304.59,266.75,347.92,379.53,356.34,302.33,423.09,348.67,429.6
198,318.68,149.75,2.38,2.7,7.14,4.03,-2.38,-4.02,-5.47,5.89,286.89,201.15,352.1,196.55,273.77,257.87,364.94,253.75,272.78,314.65,366.81,317.62,294.74,315.27,343.18,308.48,270.28,364.28,380.19,356.54,293.8,435.53,343.58,427.47
199,327.49,156.88,7.07,-5.59,2.07,8.28,0.12,-1.06,-4.67,4.33,286.92,196.69,345.06,203.3,279.62,256.95,360.38,263.22,268.54,312.65,362.95,314.49,289.18,313.41,347.98,314.4,263.47,355.94,378.21,366.51,293.61,431.54,338.74,436.08
200,318.09,162.69,-0.49,2.45,2.68,-1.81,4.37,-3.04,3.11,-1.56,291.4,196.64,350.2,194.19,275.99,258.67,362.84,258.27,270.54,316.03,369.48,314.47,304.38,322.13,346.09,322.58,253.14,349.17,377.35,353.88,294.05,430.82,348.68,425.45
201,321.6,159.51,1.39,-2.08,5.53,-0.41,7.1,-3.16,2.97,-0.24,288.69,201.98,348.8,188.81,262.75,264.54,369.92,267.0,269.93,314.28,368.32,319.5,290.97,325.83,353.96,321.15,260.34,354.6,385.8,360.09,293.84,431.92,342.66,430.59
202,314.23,164.29,-0.42,4.64,-0.8,-0.54,-4.85,3.04,-3.5,-1.95,290.0,200.42,343.18,199.02,278.18,258.43,364.1,260.59,269.5,315.82,369.85,323.92,290.8,318.42,339.47,323.68,259.67,356.57,380.33,355.16,290.87,424.16,340.73,435.43
203,317.07,161.8,-3.35,3.04,-4.1,0.16,0.21,9.31,2.52,-2.37,292.74,208.49,343.48,196.57,274.05,258.27,363.67,254.72,275.62,314.25,369.2,324.12,294.88,316.0,339.61,318.99,257.01,360.8,374.35,363.23,295.46,430.76,350.76,428.25
204,317.1,157.26,-0.77,-0.36,-3.32,-8.09,-2.24,1.44,0.55,4.8,297.82,202.49,355.53,202.52,281.84,266.86,368.8,262.28,269.18,319.29,368.65,321.94,292.12,318.47,335.58,326.13,259.5,361.6,385.45,360.98,300.78,425.03,354.59,434.35
205,320.84,164.19,-4.67,-1.15,5.78,-7.47,2.24,2.13,7.88,-6.33,296.44,196.25,348.21,193.6,270.65,260.11,360.55,261.45,267.35,313.64,367.89,319.84,293.89,318.03,347.78,322.22,259.81,355.22,379.25,361.28,289.16,426.44,342.12,429.17
206,316.96,159.9,-6.42,-6.32,-1.34,-0.7,-5.82,-2.43,-1.6,-1.57,290.61,194.43,355.91,199.03,271.77,257.45,365.5,261.93,267.6,320.14,370.17,323.04,300.16,316.69,343.95,317.93,261.33,365.55,378.27,357.21,293.16,425.15,347.23,426.72
207,324.39,150.05,0.51,4.6,-8.61,8.07,-1.7,0.56,2.29,2.9,291.1,199.21,352.08,202.27,277.09,263.08,368.6,248.0,280.44,312.93,375.98,315.33,299.24,310.56,347.5,312.3,269.66,359.84,380.4,349.43,294.66,431.64,345.89,433.84
208,318.54,153.18,4.72,-9.11,2.36,-1.34,-3.65,1.35,4.91,4.16,289.46,196.49,353.47,192.63,272.23,250.44,368.35,252.81,265.82,306.24,373.33,310.8,296.32,315.14,339.76,310.0,264.23,358.71,380.05,351.88,297.28,434.13,344.25,429.45
209,321.67,151.77,2.33,2.25,-3.93,3.96,4.67,0.74,-5.98,-0.46,290.78,185.81,348.56,184.75,277.43,251.06,358.42,251.8,269.77,312.46,368.43,307.19,291.92,304.4,345.08,307.14,265.96,354.46,371.87,366.19,291.92,427.77,358.18,431.68
210,314.48,150.87,-3.64,3.64,-0.84,-1.76,6.44,2.27,3.89,1.74,288.22,189.95,354.84,188.04,282.21,250.9,365.85,248.51,270.55,302.5,369.64,308.38,293.34,303.85,345.09,305.59,271.4,355.67,365.78,362.16,294.43,429.68,343.63,428.05
211,326.18,149.91,1.78,-0.43,2.48,0.3,-0.76,1.35,-1.76,1.01,290.82,186.78,347.52,187.21,271.37,242.07,362.88,240.08,274.06,300.49,367.2,309.39,292.72,297.36,340.95,301.44,274.33,356.7,371.21,354.04,292.9,426.74,350.16,433.06
212,317.23,141.21,-1.2,-4.51,0.71,-1.66,-3.81,-5.92,-6.26,-1.49,289.66,177.55,352.6,180.79,277.31,240.32,361.85,241.5,264.95,303.21,366.25,304.72,293.65,297.72,340.51,290.76,274.79,357.1,373.4,352.58,302.35,428.84,349.4,426.23
213,321.68,128.25,-4.49,1.87,-5.25,1.71,3.63,-2.01,-3.88,-1.9,286.14,177.21,350.41,176.39,281.7,234.74,370.57,233.45,270.29,302.35,374.53,295.93,297.22,290.34,342.84,291.12,283.12,352.93,366.59,353.73,289.16,431.84,340.93,427.64
214,328.65,133.11,-2.96,4.61,-3.79,-1.79,5.0,0.17,-6.25,2.18,288.41,180.29,347.58,178.33,282.1,230.72,364.23,235.68,266.57,295.21,369.1,293.15,295.2,284.06,345.66,281.38,275.89,349.18,361.71,347.9,296.3,422.74,342.08,428.88
215,316.58,137.18,0.08,0.71,-1.93,-0.06,-4.86,-0.68,-3.75,-1.11,279.76,166.15,355.86,173.98,280.28,236.21,367.69,228.85,265.85,295.25,370.26,300.63,293.54,286.81,344.37,284.27,287.33,344.17,357.52,344.13,290.08,432.67,344.21,430.21
216,322.22,119.85,5.15,-1.4,2.13,2.48,5.48,-0.42,-8.49,0.23,290.8,163.14,350.59,165.83,269.63,229.96,362.75,225.65,268.15,292.22,369.84,287.59,293.24,276.04,350.4,276.78,285.66,349.33,351.57,343.41,294.18,427.1,340.74,422.51
217,314.61,123.01,-0.28,-3.17,0.32,-1.74,4.36,-0.65,2.79,0.81,284.39,163.68,345.06,163.61,272.02,225.57,359.63,224.1,272.29,287.67,366.94,284.11,295.74,275.85,339.07,266.01,296.39,344.52,347.26,343.29,283.92,430.96,348.24,426.35
218,318.12,124.71,-7.0,-5.29,-0.91,-3.01,-1.18,-5.06,0.86,-0.6,292.2,161.82,350.83,155.23,276.97,219.7,364.33,225.21,267.12,286.42,375.78,284.03,291.08,256.68,349.32,265.87,284.31,349.1,349.27,342.71,297.1,425.55,344.56,434.36
219,320.84,123.26,4.53,0.03,-9.35,-4.42,3.05,-6.2,-1.31,1.35,295.88,155.97,347.43,158.06,276.4,217.65,369.2,215.08,270.48,280.05,368.4,281.63,295.6,264.74,345.78,263.09,286.68,340.79,355.69,345.85,290.91,430.72,335.5,427.7
220,323.84,115.35,0.47,-12.07,-1.57,1.35,1.86,3.85,-0.84,-0.66,284.67,155.03,344.95,148.46,270.66,221.88,363.92,216.73,267.95,268.69,373.74,267.16,292.78,257.97,345.92,255.28,283.55,339.14,346.1,339.25,298.88,425.15,346.2,430.63
221,323.84,113.27,3.16,-0.69,1.74,-6.01,-10.55,1.51,1.72,1.9,287.9,159.76,348.16,155.48,277.38,220.67,363.73,211.19,264.01,280.01,371.69,275.61,307.47,256.62,339.79,254.53,288.44,339.94,346.05,339.17,289.43,436.37,346.2,429.1
222,323.03,114.05,1.1,2.74,0.54,2.68,3.01,0.65,-0.88,6.12,288.09,153.73,351.66,149.72,271.77,210.75,363.03,206.33,267.39,273.23,375.06,274.38,284.6,255.59,342.77,254.84,293.43,340.09,346.1,340.77,300.38,429.92,349.34,433.76
223,322.67,103.82,4.47,-1.83,2.86,-3.89,-4.74,7.91,-3.83,4.58,290.47,149.29,349.82,145.76,274.94,206.64,363.42,214.67,271.02,265.04,373.41,270.94,292.83,254.34,344.33,246.69,301.71,340.32,345.35,338.77,299.72,427.9,338.82,427.29
224,325.31,113.57,-1.02,5.49,2.99,-1.07,-0.66,1.32,-3.33,0.02,291.23,143.5,349.24,149.03,279.11,202.87,363.47,208.32,273.84,270.07,377.18,272.89,293.36,251.3,343.58,253.78,289.5,336.8,346.99,345.0,286.19,435.5,344.44,422.46
225,307.99,103.88,-0.08,-0.26,2.53,-2.2,-4.43,-1.65,0.13,0.92,286.84,153.61,347.51,146.52,272.83,214.3,364.47,207.22,273.7,278.57,370.84,274.94,299.14,247.58,345.11,244.87,294.18,337.5,343.39,337.0,293.85,432.13,344.52,422.54
226,317.02,104.17,0.98,2.01,1.03,-3.15,0.99,-1.88,-4.55,2.97,293.27,154.04,347.57,154.96,273.03,212.86,362.96,209.35,260.32,269.04,370.36,268.6,302.02,245.69,342.75,246.72,292.57,344.22,351.08,337.29,292.11,425.37,350.23,434.48
227,319.58,105.38,-5.23,0.68,2.2,-8.26,-1.29,6.47,-0.87,5.96,292.6,146.63,348.83,150.45,271.19,207.09,371.03,207.06,274.31,269.22,369.9,273.22,292.61,253.63,336.81,253.11,284.45,339.48,349.09,342.88,289.81,425.32,342.25,430.74
228,311.87,112.11,1.25,-1.13,2.1,0.89,-2.17,-7.74,0.53,-3.81,287.69,154.08,355.67,152.01,277.22,206.38,365.98,211.92,274.92,270.0,369.03,276.4,294.63,248.59,355.21,248.71,293.23,342.25,347.58,340.11,294.26,429.06,340.54,438.6
229,319.12,116.19,-1.34,-1.42,-1.82,-6.2,-0.64,-1.63,4.69,-4.79,287.69,150.21,355.77,150.32,277.25,217.68,364.42,208.29,264.54,277.24,364.96,275.37,295.46,256.83,346.89,251.58,288.44,344.38,345.14,330.52,297.6,425.85,346.87,435.57
230,320.07,119.83,0.62,6.35,-4.25,-0.03,2.69,-0.76,4.61,-1.73,298.28,164.34,351.13,158.06,279.77,211.1,359.75,220.87,271.1,274.94,370.04,266.3,294.24,255.18,348.67,262.17,293.21,343.92,343.1,344.7,297.52,434.98,353.47,423.23
231,318.45,115.3,0.69,0.05,-0.94,4.11,-4.41,-4.16,-4.1,-1.44,285.09,158.08,349.34,155.13,278.5,218.03,369.25,217.49,269.9,276.02,369.97,281.12,293.35,263.65,341.75,264.62,286.89,346.72,351.03,349.39,290.38,424.1,342.54,424.46
232,314.47,123.51,-0.02,-1.92,-1.55,-2.39,6.6,-2.94,-5.29,3.18,289.14,169.18,347.9,164.4,279.33,218.93,362.03,223.99,272.3,275.38,365.49,270.87,297.38,264.38,344.35,258.66,282.89,342.5,350.02,344.88,297.33,439.08,344.92,434.46
233,316.68,117.34,-1.41,-6.39,0.06,-3.12,-7.82,6.94,-2.15,-6.55,293.59,161.13,354.36,161.11,272.84,225.42,367.37,227.11,269.64,286.16,372.98,284.84,294.43,263.88,347.4,269.83,283.52,350.73,349.12,352.19,294.91,431.27,343.42,423.33
234,319.44,128.61,2.7,-0.79,-8.77,-6.17,8.21,-4.37,5.71,-3.74,289.27,169.78,346.72,173.64,275.3,229.12,363.93,229.91,276.32,286.75,376.92,284.83,298.06,276.14,340.73,275.04,282.94,343.5,358.52,347.49,294.71,429.73,344.64,428.53
235,320.56,128.08,10.63,-5.64,-2.34,-2.02,8.16,-5.28,1.7,0.99,291.33,175.6,354.86,168.85,275.78,223.2,365.4,227.48,269.25,283.92,371.62,283.87,295.59,274.02,341.6,283.54,282.89,352.86,365.7,345.17,301.0,424.14,347.98,428.03
236,316.28,136.59,3.78,3.66,0.86,0.53,2.11,1.22,2.17,0.82,293.37,167.62,349.47,168.59,276.11,240.7,363.1,234.64,273.03,285.86,367.91,295.59,283.41,279.87,349.4,287.79,279.61,353.18,362.75,351.87,293.74,430.46,342.47,435.05
237,326.09,143.13,-1.63,-3.82,5.11,2.18,1.31,-2.53,1.7,-4.34,292.54,183.13,356.52,180.45,269.47,238.4,373.56,234.14,269.76,303.27,372.47,307.53,292.07,284.7,349.9,283.87,274.88,350.78,368.47,353.5,296.83,428.39,349.86,446.1
238,322.77,141.45,-5.19,-2.55,-0.85,-2.14,-0.06,7.11,4.99,-0.64,285.17,186.4,349.8,174.14,277.85,245.15,355.3,237.75,269.56,303.99,367.94,297.72,297.91,291.59,347.17,289.02,267.86,355.44,367.74,356.11,292.87,426.82,350.44,423.91
239,325.01,149.65,3.44,-2.75,-3.27,-0.84,-5.18,-3.85,2.58,2.6,285.8,187.07,351.82,190.4,277.28,248.6,366.91,248.28,264.85,303.88,369.84,303.39,296.78,300.65,346.57,297.4,268.0,358.13,370.45,349.67,294.23,423.03,345.14,429.21
240,317.7,153.84,-4.62,2.83,8.75,4.31,-0.13,-4.54,-5.45,-1.65,287.25,184.62,348.69,187.09,276.94,242.55,362.27,246.86,269.22,314.85,370.93,301.05,296.67,304.68,344.5,297.65,275.78,350.72,373.89,355.8,297.4,436.83,347.25,427.77
241,324.42,147.87,0.65,-5.17,-4.13,0.21,1.47,-6.81,1.99,-3.28,295.12,188.98,345.51,190.69,271.34,255.47,365.0,249.78,272.37,306.37,364.84,312.02,290.6,302.15,348.35,308.65,261.71,353.68,369.66,363.26,298.62,428.32,347.3,424.58
242,317.31,153.4,1.81,-0.39,0.99,0.31,-0.65,-1.18,-1.71,0.93,291.64,193.78,345.29,188.99,276.6,258.87,365.61,251.34,270.9,308.44,375.24,313.73,292.32,309.51,342.89,315.42,264.1,357.81,377.38,354.23,295.77,431.1,338.78,431.01
243,319.82,155.75,0.14,1.04,5.35,-4.72,-1.37,2.67,1.92,1.84,301.01,197.68,354.52,194.0,271.03,253.97,367.85,256.85,271.61,314.37,368.5,314.51,297.9,316.68,340.98,316.36,260.74,359.97,375.89,364.35,293.33,430.71,347.43,426.5
244,319.71,156.01,-2.06,-1.76,4.45,-2.39,2.27,1.26,-5.59,2.08,284.35,199.59,347.97,197.11,269.82,257.56,368.71,253.85,267.57,318.89,371.92,307.34,303.06,318.02,347.79,315.33,254.63,361.53,375.69,361.01,294.12,430.95,341.9,433.46
245,315.25,167.47,8.95,6.53,5.1,-0.34,4.67,-0.38,-6.21,6.01,294.52,198.37,345.1,196.15,267.72,262.27,358.59,259.64,266.63,312.79,370.95,317.16,298.35,312.82,341.97,308.34,252.32,366.59,387.28,359.77,291.7,428.81,348.49,427.94
246,320.95,159.4,-2.28,-2.1,1.17,-3.91,1.81,-1.89,0.51,5.54,289.33,203.13,342.83,197.57,275.11,267.15,357.16,259.07,275.83,316.31,369.15,320.78,295.74,325.5,346.79,324.55,258.94,356.82,378.71,355.15,296.93,428.46,342.31,431.99
247,315.43,163.02,-1.91,4.64,-1.57,2.53,0.72,2.98,0.44,-6.65,294.04,199.59,353.16,202.7,271.91,256.28,367.62,258.73,273.75,319.23,374.09,321.63,296.15,318.42,345.93,324.69,259.83,362.1,380.14,360.47,301.89,434.81,345.32,430.86
248,317.19,159.25,1.24,3.4,3.0,-4.44,3.91,-0.36,-3.95,5.35,295.85,200.99,352.84,203.01,280.58,262.85,359.69,267.98,274.26,317.9,365.88,321.96,293.89,321.23,347.97,317.65,255.58,361.52,377.82,360.56,289.63,428.99,347.86,432.42
249,316.85,154.78,0.06,2.24,1.62,-2.05,1.19,6.01,0.82,-6.53,290.81,207.63,344.85,199.57,274.09,259.84,365.78,264.01,270.34,324.56,369.53,318.05,292.32,311.97,346.1,327.45,262.22,362.53,377.97,358.8,298.94,438.03,350.95,433.22
250,320.14,159.33,-3.01,-5.79,-4.51,0.2,-1.17,-5.88,-0.15,-1.27,285.31,197.01,348.72,196.03,278.71,250.88,357.06,258.51,270.38,320.11,367.84,314.82,294.97,316.12,351.2,316.59,260.84,369.3,378.17,361.62,297.59,432.93,346.16,430.78
251,320.4,154.77,1.3,8.11,4.84,1.22,3.42,-3.48,-1.04,3.79,295.95,193.99,348.07,205.8,275.39,264.37,365.83,258.06,268.78,320.84,375.43,312.93,293.59,319.56,344.48,313.93,266.09,363.24,376.15,359.68,290.17,426.42,345.5,430.13
252,316.13,152.36,-4.26,1.82,-7.87,-4.05,-7.45,1.68,-7.21,0.13,296.56,201.92,342.78,196.42,271.04,250.45,364.55,260.14,272.4,312.36,372.82,306.25,291.99,310.02,345.31,312.5,262.78,357.39,376.75,360.25,295.6,428.86,346.61,433.3
253,317.78,152.75,4.65,-4.41,7.22,-5.36,-1.38,-3.8,8.75,-2.01,288.0,191.5,350.38,191.67,274.47,238.87,365.23,253.05,274.15,318.22,369.25,316.25,290.59,313.25,342.71,305.44,264.17,362.8,375.81,363.18,292.01,434.19,342.39,430.9
254,320.87,153.04,1.0,-2.96,3.52,6.93,-2.34,-7.34,2.0,-1.32,289.48,192.62,348.17,189.32,274.6,256.27,365.12,245.45,265.22,310.95,365.48,304.14,297.54,309.29,343.53,307.72,267.48,358.57,375.69,345.73,294.04,432.07,343.36,430.14
255,323.0,147.82,6.03,4.51,-0.47,-0.79,-11.4,-1.31,-5.41,0.88,290.61,190.28,355.59,187.39,284.12,248.43,359.76,245.25,268.51,309.87,366.21,306.31,294.36,300.71,348.25,305.07,273.42,353.68,376.06,349.54,289.45,425.14,345.04,434.81
256,317.59,142.46,-0.86,2.29,-1.91,-2.13,-5.38,-2.29,4.71,0.36,287.04,189.31,347.66,190.04,280.61,244.59,359.01,253.52,271.55,303.07,373.82,307.17,300.24,295.46,346.27,293.37,273.61,353.65,370.18,353.16,294.0,426.53,348.16,435.96
257,317.77,143.26,1.73,0.03,-6.11,-5.21,-3.12,-8.56,5.63,1.47,289.88,172.29,342.7,181.04,282.88,238.25,368.46,239.13,270.22,305.91,368.62,298.29,300.67,293.65,349.36,290.73,278.89,353.51,368.47,352.95,292.98,429.99,343.23,433.84
258,319.19,131.63,-6.72,-6.91,2.47,-4.61,1.2,0.55,-0.26,1.75,290.63,166.77,348.71,179.31,281.56,244.36,359.55,236.21,263.74,303.69,374.05,299.02,295.66,294.18,349.85,293.29,277.5,349.65,367.4,354.31,294.24,428.6,349.53,436.66
259,317.0,133.07,1.4,1.95,-2.09,7.53,1.69,2.13,7.04,-1.8,289.65,169.11,349.31,168.17,277.99,235.81,363.89,233.73,273.05,289.58,370.82,296.93,287.87,286.52,338.3,283.31,273.46,355.38,357.26,343.05,295.53,428.35,338.98,432.1
260,312.03,126.51,-2.3,3.21,5.18,4.41,-0.61,-9.71,1.56,5.88,294.94,172.51,345.24,168.56,282.74,224.99,360.41,234.43,268.28,285.93,376.11,292.5,293.47,274.34,353.19,278.82,286.13,351.84,357.38,346.21,300.79,435.85,337.49,432.2
261,319.52,123.14,1.05,-5.4,-1.87,-3.19,-2.0,-0.29,-4.06,6.29,291.97,174.45,349.36,165.08,282.03,224.96,364.29,230.15,265.05,290.12,372.33,292.35,298.56,279.38,344.56,270.73,291.35,340.8,351.39,349.17,301.5,430.76,349.0,422.02
262,318.0,116.54,3.12,-6.19,-5.11,2.06,4.25,-0.64,2.28,2.15,289.14,159.66,352.26,166.49,278.58,225.29,360.33,226.8,269.99,282.11,368.82,281.28,298.56,263.98,341.03,268.34,291.63,349.83,348.27,351.02,300.4,425.3,334.91,429.71
263,324.49,127.39,-3.48,7.01,-8.91,-1.47,-1.67,4.61,5.19,3.82,284.6,164.47,352.04,154.34,266.73,225.17,364.28,215.88,269.17,282.48,369.67,274.81,302.54,269.45,343.66,264.25,288.72,339.89,354.0,339.09,294.72,425.33,340.53,436.58
264,320.24,119.1,-8.05,-2.39,1.84,0.78,-8.62,0.83,1.47,5.14,287.38,149.3,346.01,153.88,277.95,207.4,363.21,223.97,270.03,281.86,363.43,271.86,300.75,261.99,345.41,257.11,289.61,338.72,355.54,354.22,296.94,427.46,334.87,423.26
265,326.22,111.73,-1.48,2.62,5.93,-0.8,-1.62,0.29,-2.51,-2.3,291.65,156.59,358.53,157.6,279.6,211.56,367.1,212.96,271.58,278.6,370.2,285.48,300.71,262.9,348.06,265.24,285.16,347.82,345.13,340.08,297.25,434.93,340.39,427.95
266,320.39,113.05,3.42,13.74,1.68,-2.94,-5.19,-1.3,-3.76,1.87,291.81,151.95,357.94,150.86,274.52,216.36,368.57,218.91,271.71,278.0,367.34,277.47,298.62,261.37,338.33,251.69,295.63,330.91,349.63,345.76,292.69,428.28,340.7,427.91
267,318.03,109.43,-2.95,-1.08,-1.13,7.5,-1.58,1.38,-2.31,-2.36,283.18,145.88,345.17,152.9,279.3,205.01,362.8,206.69,268.94,276.46,368.21,271.97,300.82,254.86,341.96,253.66,290.18,342.55,348.57,335.4,295.7,429.53,347.18,433.33
268,321.91,109.76,3.73,-3.49,-5.28,-12.78,-0.28,-3.29,1.59,-7.88,287.41,152.85,345.88,152.61,272.77,210.84,367.38,214.78,270.37,267.71,368.17,273.52,290.91,250.64,343.46,250.94,290.28,332.98,347.76,344.24,287.83,431.48,349.33,432.38
269,318.33,106.47,0.32,0.99,0.38,-0.72,-4.33,1.69,1.88,0.8,290.44,156.96,347.5,155.37,272.06,214.68,369.93,209.07,276.64,272.12,366.49,268.75,299.53,254.03,340.77,249.78,295.64,338.07,354.6,341.03,294.75,434.76,343.54,434.03
270,313.33,108.19,4.2,6.28,-3.09,-3.56,2.27,-2.49,-1.07,3.51,287.82,142.14,344.8,150.04,267.55,208.81,359.43,216.56,278.66,265.77,371.03,266.16,293.76,257.21,343.13,248.86,291.23,344.58,331.95,338.23,294.82,427.36,348.45,434.81
271,314.35,118.62,-5.69,5.15,0.6,-2.01,-1.64,-0.13,0.83,-3.68,289.06,147.16,345.14,146.97,270.4,208.56,366.73,210.73,277.9,261.4,371.88,270.27,298.26,253.21,344.34,251.03,291.85,342.55,337.65,343.2,294.91,428.05,344.07,429.36
272,325.19,123.9,4.88,-2.26,2.52,2.69,-3.7,-5.04,-0.25,3.23,283.55,148.08,352.29,151.14,280.67,205.32,374.41,204.82,261.88,270.73,365.46,270.81,294.71,250.57,341.63,253.09,293.05,344.8,344.96,336.53,288.25,429.31,339.92,424.6
273,322.11,105.05,5.65,0.64,-0.18,-4.14,3.06,-0.01,-2.74,0.8,283.27,145.62,345.52,153.56,274.99,216.36,361.32,214.46,269.54,268.39,371.54,271.9,292.48,253.19,344.48,252.41,291.84,335.64,346.81,337.65,290.92,429.04,347.94,430.74
274,317.88,111.51,2.54,-9.59,3.19,-7.5,-5.66,-2.06,8.68,6.71,292.83,155.22,342.55,154.43,272.8,210.53,365.62,211.91,273.48,266.05,370.3,270.28,293.36,256.54,340.53,255.98,291.49,338.88,345.78,340.9,291.93,430.03,343.89,427.55
275,326.36,117.51,-1.53,0.58,-4.11,-1.75,-1.28,-4.99,1.55,-2.02,288.58,153.57,361.84,153.2,266.73,209.45,368.04,221.19,267.27,280.96,372.97,275.09,293.96,258.91,348.51,259.78,288.2,341.64,357.02,343.34,298.48,432.16,346.09,430.43
276,323.59,121.15,1.06,-2.78,1.54,-0.27,-1.23,10.72,-6.16,3.83,286.55,158.8,360.27,154.42,272.1,218.2,361.61,221.81,267.86,280.89,364.68,271.04,294.08,255.31,351.07,255.46,285.06,344.96,348.44,337.24,303.16,425.99,344.21,429.16
277,322.84,122.87,-3.31,-1.3,-0.91,3.0,-4.67,8.07,-3.04,-0.03,285.36,155.83,346.5,157.14,273.34,217.1,367.78,217.89,266.42,279.45,373.97,281.88,294.6,259.7,340.43,260.31,292.51,346.53,349.27,342.15,291.7,426.46,346.84,428.85
278,328.32,129.04,5.24,2.69,-1.69,2.39,-1.4,6.52,1.62,1.05,290.51,171.0,344.26,171.39,274.26,218.42,361.99,217.44,272.61,279.89,370.67,288.58,292.31,268.58,339.79,268.1,295.47,348.73,353.77,343.17,294.83,430.52,343.32,432.12
279,316.19,123.44,1.48,-4.67,2.92,-0.06,-7.31,0.44,-6.74,2.77,289.01,174.68,354.29,163.03,266.92,224.25,360.11,234.58,269.96,291.01,368.86,286.56,294.87,278.61,346.25,269.96,289.4,345.74,355.27,335.59,297.54,430.4,345.4,428.39
280,317.7,129.18,1.85,2.56,-0.92,3.8,-0.32,-2.02,0.79,-5.44,290.93,164.49,345.89,162.58,274.3,237.1,364.53,233.23,279.41,292.28,366.94,288.15,295.0,276.39,342.77,282.86,284.64,341.68,356.19,346.41,297.4,434.57,355.81,428.14
281,318.34,136.48,-2.73,-0.56,-1.66,-10.49,0.49,-0.73,5.08,0.02,284.98,173.1,341.64,169.28,277.54,233.14,368.69,226.26,269.03,292.23,373.82,296.82,297.57,289.94,343.53,289.12,273.93,345.33,364.9,343.63,297.29,430.41,349.29,429.76
282,320.22,139.65,-2.65,-2.82,1.9,-0.12,-1.63,-0.33,6.38,-1.77,288.11,170.78,349.83,180.24,278.34,238.05,368.82,240.54,274.45,301.55,376.28,296.93,289.69,291.31,348.12,294.94,280.8,358.83,366.81,351.96,289.46,431.23,342.79,430.85
283,320.22,142.93,-0.39,3.74,-10.89,0.76,4.81,7.48,2.93,6.74,290.68,181.06,352.12,181.04,271.87,238.99,360.55,243.16,270.05,299.61,367.73,303.07,298.12,288.95,339.85,297.29,267.77,354.61,373.2,358.9,297.95,432.84,354.01,420.66
284,318.14,147.76,-1.35,4.96,-0.16,0.53,-1.1,-2.09,-2.19,1.08,286.9,188.18,352.61,188.76,270.48,237.57,364.98,255.96,275.06,302.15,371.7,307.28,289.53,303.59,344.33,297.75,271.04,358.32,366.03,346.92,296.29,421.83,343.8,434.75
285,322.32,151.67,2.48,9.64,-2.35,1.59,-1.75,3.83,-0.25,6.88,287.88,193.13,352.37,187.37,277.17,248.55,366.42,246.67,267.19,306.16,363.27,310.87,290.06,301.63,347.59,305.86,261.65,354.63,373.09,355.21,300.38,426.71,336.8,433.24
286,317.85,143.36,-0.63,4.92,-5.05,9.34,-3.35,0.35,-4.88,0.17,289.47,184.43,361.3,188.41,273.02,254.27,372.26,254.9,265.2,311.25,362.47,314.0,288.46,303.34,344.99,308.33,265.68,362.23,376.17,358.74,290.08,436.8,341.79,436.95
287,328.09,155.03,4.13,-12.33,-0.78,4.41,3.7,-4.88,-1.17,-10.15,291.65,185.45,354.52,197.71,273.1,255.07,364.13,253.95,265.41,315.47,363.44,305.66,294.51,309.33,346.09,307.58,272.45,357.84,376.02,357.98,299.01,432.3,346.77,432.94
288,312.7,148.08,-0.3,-0.79,2.32,0.08,2.33,-4.98,-0.04,-5.36,291.55,187.71,351.39,189.35,273.47,258.81,365.91,248.64,267.31,309.22,363.22,315.7,297.24,315.08,347.41,313.27,262.25,353.8,374.9,352.8,291.62,430.36,344.53,442.26
289,314.62,156.57,-5.69,-1.55,-1.39,3.38,-1.8,-0.77,-1.72,-5.6,287.39,195.55,350.3,199.31,274.06,256.06,358.12,259.23,267.22,320.06,375.27,316.32,290.91,315.84,346.39,314.64,259.79,361.08,379.94,357.44,288.38,431.83,341.93,430.86
290,320.6,150.94,0.32,2.06,2.55,0.47,-7.91,5.11,1.64,-4.81,286.85,199.42,352.72,196.54,278.3,251.32,360.83,250.23,266.41,324.52,378.23,319.43,292.45,317.0,346.89,311.64,258.77,365.14,374.76,356.4,295.05,431.13,342.5,430.31
291,322.43,167.3,-0.5,-0.17,6.11,-2.2,-5.3,1.0,4.3,1.44,289.61,193.66,349.77,204.39,270.06,258.47,363.45,256.66,270.99,321.23,371.73,315.55,288.42,320.28,342.98,326.59,267.92,367.74,375.86,362.06,298.48,433.03,343.58,435.12
292,320.0,160.45,-6.15,2.58,-1.04,1.86,0.94,0.72,-0.18,3.15,289.2,194.12,352.28,196.7,269.7,255.85,366.13,259.55,261.47,318.4,374.68,318.13,294.34,324.09,348.18,324.0,248.95,366.91,382.5,369.82,291.87,422.95,345.03,428.9
293,322.61,164.24,-0.35,-0.96,2.09,-1.03,-1.36,4.15,5.04,4.34,289.33,191.38,349.41,196.91,274.48,257.25,364.92,255.78,264.88,324.83,366.12,319.94,298.82,323.57,348.18,321.13,262.94,365.47,381.66,352.63,292.89,432.79,342.49,436.48
294,319.75,159.79,4.5,-0.73,0.71,3.6,-5.89,-1.14,3.32,0.26,295.87,193.15,343.24,202.53,278.46,258.68,366.6,262.43,266.74,316.63,370.76,323.07,290.34,318.44,344.02,320.91,260.35,357.6,384.61,357.62,293.83,423.63,342.15,432.06
295,321.28,160.89,2.2,8.35,-2.99,-6.48,-4.2,-2.81,-3.9,0.37,295.01,204.65,352.02,207.06,273.57,251.96,369.21,251.14,266.98,320.57,369.59,317.73,290.28,317.85,349.01,317.97,257.73,354.41,375.71,360.97,296.37,426.8,336.16,431.68
296,316.41,159.83,-3.02,-3.95,0.61,9.43,3.0,0.54,1.44,-7.0,285.51,187.03,356.92,203.18,276.57,257.61,358.79,256.2,277.17,317.6,367.74,310.04,300.52,315.62,337.97,312.21,256.94,358.3,378.78,356.82,298.11,430.32,349.25,428.57
297,332.18,152.97,-3.61,-4.11,-0.84,-6.88,1.18,-7.62,0.65,-5.41,288.47,197.64,359.22,190.91,274.4,252.33,361.52,252.37,273.3,313.27,379.0,316.89,290.96,311.85,341.79,316.52,256.79,352.73,374.29,360.82,299.93,435.52,347.12,429.67
298,323.18,148.41,-7.38,1.75,-4.02,-0.26,0.48,0.99,3.75,3.33,290.78,191.22,350.43,190.6,274.21,263.46,365.73,254.78,267.18,317.06,373.04,316.05,295.86,314.31,350.09,311.31,264.45,360.77,371.47,354.32,294.79,423.03,348.31,426.15
299,318.11,149.54,0.16,-1.37,-0.27,-0.24,-1.79,-3.09,4.33,-8.42,289.18,188.52,351.68,184.57,273.0,249.98,369.28,251.72,265.27,308.44,373.54,305.59,294.69,306.51,343.46,317.33,265.07,357.96,370.21,358.27,298.48,427.65,344.78,426.42
300,315.42,151.65,-2.22,-9.65,7.06,-3.21,-0.99,6.56,-0.57,-0.65,285.09,180.96,349.33,188.95,276.22,245.57,365.08,240.15,271.84,308.15,377.89,307.53,291.23,302.3,343.69,304.24,268.86,349.96,364.71,356.05,300.53,430.32,348.25,434.05
301,321.07,141.11,0.78,4.83,2.12,2.99,-1.85,-0.81,-0.47,-0.21,294.67,174.98,350.12,184.05,269.51,247.05,362.1,242.94,277.4,308.41,372.3,305.89,294.34,306.11,348.21,295.11,265.34,356.01,368.83,348.03,296.71,428.92,347.12,431.77
302,317.57,143.58,-1.99,-1.73,-2.13,4.52,-1.12,5.49,7.13,-2.95,278.32,185.23,348.63,177.58,272.65,239.39,370.19,241.69,275.13,303.02,368.76,299.49,297.25,296.75,348.99,292.42,273.97,354.76,365.2,347.88,291.77,429.04,347.65,435.04
303,314.58,135.22,-1.43,3.18,-2.11,-1.72,-5.65,1.93,-0.65,-2.62,288.96,182.12,345.98,174.25,280.01,237.92,367.68,239.22,269.86,296.22,373.33,302.26,299.34,283.92,350.22,287.23,272.65,350.37,367.65,353.21,293.98,433.35,345.56,427.71
304,317.17,135.77,-0.33,-5.5,3.39,-1.92,6.37,-5.61,-0.72,-2.8,286.1,172.18,357.08,174.7,271.83,226.81,358.11,231.98,267.47,293.23,360.91,293.76,299.11,290.27,337.42,280.57,274.69,350.23,357.01,356.38,295.17,429.51,351.37,429.94
305,321.6,127.66,-5.48,-2.44,8.75,2.53,1.1,-3.91,3.65,-5.43,283.73,168.42,357.82,178.25,273.2,227.96,358.44,230.97,270.65,293.82,373.64,289.87,297.22,276.12,347.15,276.89,282.38,349.78,359.74,351.44,288.72,425.74,343.92,424.23
306,318.37,125.78,5.24,0.57,4.12,1.21,-2.14,0.53,2.92,4.77,289.47,160.68,343.13,165.97,265.65,234.45,367.39,224.73,265.56,291.39,365.55,283.2,291.94,274.64,347.48,278.96,287.09,346.91,361.17,344.23,287.72,427.32,341.77,427.47
307,316.16,122.2,2.48,6.86,-6.9,-5.15,-3.17,3.06,-0.82,-2.9,292.87,167.87,349.92,160.78,276.08,223.11,364.04,221.99,273.7,285.04,374.14,289.39,296.84,267.63,349.16,271.52,295.58,346.86,357.62,346.78,294.6,428.96,346.18,432.08
308,324.62,122.26,-1.85,-1.31,-5.29,6.64,-2.16,3.87,1.11,1.21,289.53,157.87,346.13,167.93,275.46,225.52,370.54,219.38,271.69,281.2,365.37,280.28,297.35,263.43,343.7,264.73,295.73,337.07,354.72,343.39,292.44,428.89,347.67,432.9
309,320.74,122.64,5.08,3.27,-2.18,1.98,2.0,-3.26,-6.28,-8.09,290.28,159.46,345.27,162.46,275.61,223.67,366.48,214.01,271.83,280.95,367.81,272.5,295.4,257.58,349.48,259.95,296.11,334.81,351.33,349.03,291.44,429.36,343.39,427.26
310,320.98,110.67,-0.44,2.06,-0.86,-4.0,4.12,2.92,-4.16,-5.18,286.19,158.03,351.1,159.01,273.7,212.15,368.68,213.64,270.75,269.65,367.72,279.89,292.13,261.45,335.68,255.95,290.22,349.31,344.42,345.02,299.23,427.11,343.51,430.57
311,314.07,111.98,5.1,2.09,-0.63,0.45,2.32,3.09,-2.23,6.14,295.27,156.51,346.63,149.72,273.69,214.04,357.93,215.78,275.15,276.1,367.3,270.62,296.2,254.71,346.77,257.73,296.71,336.99,348.55,340.07,294.61,433.46,348.89,435.59
312,321.7,111.72,-1.01,-6.94,5.36,-1.29,2.02,2.72,-4.98,-3.69,296.19,153.32,347.68,151.66,279.34,215.9,359.14,218.7,273.86,271.55,365.23,276.38,296.91,247.19,344.07,265.53,293.55,337.9,342.48,347.95,298.39,435.63,345.99,435.02
313,316.61,111.62,1.15,5.53,1.28,-2.5,0.26,-6.71,-9.28,3.33,288.5,149.92,353.32,156.56,277.14,218.68,367.01,212.18,270.96,265.83,373.82,261.19,292.65,251.45,341.84,249.55,301.68,344.8,342.93,338.51,289.89,432.82,344.0,422.13
314,320.4,112.0,3.85,-0.29,-1.49,7.95,0.03,2.88,-2.16,2.76,284.18,148.4,345.17,147.82,280.0,207.79,367.87,216.31,269.89,274.22,372.12,270.71,298.0,257.7,342.45,246.5,290.76,344.08,349.69,337.95,286.46,427.3,347.19,429.73
315,320.72,107.91,4.06,1.37,2.35,0.64,2.1,1.83,-3.71,1.49,293.17,154.62,351.66,146.14,271.75,208.26,365.76,209.51,265.51,265.48,361.61,257.52,294.47,259.28,352.19,246.09,295.6,334.14,339.75,335.21,294.1,429.27,346.01,432.65
316,318.65,110.39,-4.38,-5.38,-6.0,2.6,-1.35,-7.48,-0.25,-5.0,296.64,147.93,352.73,154.6,271.18,210.55,367.21,210.71,271.44,264.92,372.22,268.3,296.4,254.02,347.68,251.74,297.4,342.85,351.15,339.96,295.66,433.73,343.04,424.66
317,321.97,110.14,-4.83,2.0,5.72,-6.52,4.09,-10.15,-1.6,7.36,288.69,151.33,353.05,144.1,275.29,211.23,372.45,206.03,268.47,267.26,365.86,275.48,295.11,249.13,342.93,249.1,292.43,335.33,344.64,338.95,291.97,430.62,345.96,427.77
318,319.42,120.8,8.48,-4.22,-3.66,-4.24,4.23,-1.59,0.96,7.99,289.96,154.99,352.08,149.81,279.24,208.76,370.36,209.81,268.09,267.81,366.3,270.45,285.27,252.09,342.97,256.19,295.18,338.03,344.68,339.93,300.94,426.71,342.12,425.49
319,314.07,115.03,0.81,5.13,4.17,9.59,-0.3,-1.04,-5.2,2.79,290.47,156.4,345.44,155.21,275.82,214.35,362.27,218.56,278.2,269.36,372.88,262.29,297.67,247.84,342.9,250.07,291.48,344.87,340.23,340.08,292.95,436.32,346.73,425.29
320,318.11,122.07,2.86,-3.67,-1.07,-0.94,-2.15,-6.84,-2.71,5.56,288.48,155.44,350.56,164.72,275.04,220.22,362.61,214.81,270.05,272.75,369.19,279.4,291.8,258.19,347.83,254.89,295.29,342.63,348.43,334.31,293.51,431.49,351.98,432.27
321,324.5,113.44,-0.51,4.88,-3.55,3.86,2.93,1.1,-1.31,-3.95,297.1,160.8,351.36,156.62,275.15,218.93,366.6,221.21,266.87,272.41,370.34,271.28,293.71,259.54,346.97,269.51,281.43,352.41,349.86,344.7,289.34,433.99,345.17,429.75
322,312.25,121.32,3.38,-0.95,4.7,4.53,-2.56,6.38,0.18,0.2,290.4,161.3,339.48,160.28,269.54,227.53,371.34,224.43,269.05,276.99,367.37,288.79,292.23,256.01,349.12,271.43,293.92,348.56,357.52,344.62,286.69,430.11,347.49,429.46
323,319.28,120.18,-4.01,7.35,7.5,-0.01,1.13,-3.92,2.57,7.04,283.88,165.9,352.16,166.15,281.57,232.18,364.07,226.73,270.34,281.51,371.08,286.73,295.87,266.13,343.15,267.83,281.8,346.87,356.5,349.53,291.57,427.69,351.22,429.34
324,320.12,126.57,4.53,4.69,4.45,0.11,-3.49,7.7,3.43,-1.83,295.7,165.13,355.64,173.19,271.31,229.6,368.13,237.73,267.03,293.0,370.07,282.31,294.52,274.19,340.76,275.43,286.74,347.86,354.92,346.32,294.98,430.87,349.44,431.09
325,314.39,128.41,0.66,4.5,5.19,7.1,0.52,3.05,-5.82,1.72,285.7,170.41,362.12,171.87,271.54,232.29,362.93,226.82,278.41,294.93,371.38,289.09,293.76,285.09,346.23,266.59,290.22,349.0,360.83,352.61,296.86,432.99,343.31,425.08
326,321.12,139.85,-2.59,-2.91,4.88,-1.83,-1.64,-1.49,-0.26,-6.29,287.84,175.05,350.89,178.76,282.36,240.18,368.66,233.53,267.51,294.2,372.34,297.42,297.49,283.29,348.15,288.82,281.63,349.52,358.55,346.22,292.28,431.03,347.08,424.34
327,317.98,138.59,-3.6,1.74,-1.23,-2.89,0.21,1.57,-3.39,-0.97,291.87,174.56,343.37,171.47,273.33,232.34,363.61,244.27,264.49,296.48,378.53,299.25,293.53,288.03,346.72,295.44,273.55,348.01,358.81,351.46,289.38,428.14,341.37,434.3
328,317.97,142.64,-6.42,0.53,-4.81,-1.7,8.84,3.73,-0.51,12.8,286.34,185.71,343.87,180.07,269.61,242.08,365.22,239.82,274.37,298.78,371.31,304.33,289.07,290.47,345.22,295.99,278.95,351.56,365.47,348.93,296.32,428.81,343.9,429.62
329,322.21,142.11,-3.09,1.73,-12.1,-2.41,-4.61,4.81,-1.76,-2.24,289.81,181.98,348.39,184.75,273.31,242.65,360.96,239.75,270.24,305.59,364.29,307.4,298.06,302.01,346.2,300.66,279.68,352.54,364.87,347.61,302.02,437.08,341.3,427.09
330,318.7,152.4,-5.15,-7.87,8.67,1.25,1.82,-0.82,1.86,-6.06,286.64,187.92,340.92,186.29,273.54,246.29,362.8,243.52,262.71,308.08,368.8,302.0,295.25,301.32,343.16,293.87,271.48,350.07,371.5,351.77,293.45,434.61,347.13,434.52
331,321.32,151.98,-7.12,-1.27,-0.9,4.89,-2.02,1.06,0.9,4.63,289.47,193.7,343.18,183.94,265.87,253.54,367.69,253.98,267.29,308.14,369.52,316.17,301.78,309.72,346.32,311.89,265.7,354.59,372.76,352.24,294.3,425.53,349.1,432.17
332,325.72,146.47,7.61,-6.29,-4.79,-2.48,5.23,0.9,-0.98,-3.17,284.5,197.51,353.19,198.39,276.59,242.42,360.02,254.84,268.52,310.75,365.59,316.77,296.82,312.18,342.47,310.88,259.56,356.67,364.98,350.92,293.71,439.5,337.8,425.03
333,320.87,162.3,0.81,2.81,-1.35,-2.04,0.33,-2.63,2.9,-6.43,293.56,195.38,349.14,188.65,271.08,260.02,364.17,256.34,266.48,315.11,364.51,315.62,296.48,314.6,341.39,311.95,265.49,357.24,375.51,365.7,291.2,434.32,340.38,432.62
334,322.83,155.03,-4.87,-7.88,-2.46,2.1,-4.31,0.39,-5.91,-0.94,285.41,196.76,348.0,192.31,272.36,253.34,359.74,261.4,268.56,308.26,367.51,320.73,291.95,321.89,341.57,317.92,266.19,360.63,372.45,355.06,299.68,426.78,348.9,428.28
335,320.57,152.95,-2.43,-3.5,0.9,0.37,1.85,-1.96,-3.72,0.73,285.88,202.81,349.54,197.19,276.85,258.19,358.37,254.25,274.23,318.83,363.27,319.9,292.76,314.39,340.42,321.89,253.19,356.05,379.43,365.71,297.22,426.62,351.12,424.58
336,321.06,161.4,-3.52,2.79,-2.06,2.78,-7.36,1.34,-1.65,4.6,289.82,204.45,352.03,198.94,278.15,262.63,366.89,250.28,266.07,324.99,364.98,322.98,297.83,316.33,337.02,316.96,268.69,356.33,376.44,355.79,299.86,429.03,342.5,435.65
337,322.32,156.26,-4.89,4.63,0.07,-6.2,-7.13,-4.46,-4.96,-8.18,285.6,196.26,348.15,206.71,273.93,259.27,367.04,258.99,271.6,321.06,370.49,331.0,298.64,315.59,346.48,316.75,261.83,354.47,375.53,361.35,298.99,432.01,348.42,431.5
338,320.69,157.92,3.25,4.1,-0.25,-0.47,6.37,-0.08,0.3,1.94,289.61,196.66,351.51,199.78,282.37,263.09,362.62,262.86,271.23,325.18,367.9,320.69,294.6,320.15,341.46,322.22,261.71,365.12,379.92,358.33,298.16,426.82,349.34,434.33
339,325.03,160.96,-1.95,0.44,1.52,-2.24,5.33,2.32,-3.57,7.53,290.39,195.08,346.68,205.4,282.3,263.49,370.28,264.32,272.23,320.77,372.16,322.4,292.03,322.16,350.83,318.41,259.13,361.69,377.02,354.51,299.59,428.2,345.07,427.56
340,325.11,161.91,-0.96,-4.72,-1.39,2.28,0.75,0.44,0.85,3.04,289.83,200.29,346.05,208.71,273.86,259.31,367.27,256.85,270.03,318.48,366.34,320.25,288.4,324.9,348.17,320.45,254.11,356.23,384.5,376.0,299.78,434.15,347.1,426.61
341,323.98,152.67,-4.84,-5.09,3.9,-0.23,0.4,-0.06,-4.5,-2.68,287.52,191.45,347.98,192.75,277.31,259.72,359.83,255.89,277.42,313.15,371.71,317.5,299.37,317.09,343.27,316.17,262.37,358.46,372.68,363.8,299.27,425.82,343.8,429.1
342,315.37,147.76,-2.68,-1.43,-5.76,0.71,4.65,3.37,-0.51,-7.36,292.86,195.81,351.7,202.97,271.7,243.73,360.79,257.17,270.11,310.36,364.32,313.81,290.02,315.4,343.35,310.81,260.31,359.14,376.83,358.9,295.72,429.71,340.87,427.08
343,318.42,161.24,-5.4,-1.68,0.39,-1.21,4.3,-1.23,-0.94,3.26,297.24,198.61,349.45,192.79,275.19,253.57,361.61,256.73,270.83,312.8,364.92,313.23,287.43,307.85,342.75,311.32,272.43,359.48,380.88,359.77,299.5,437.43,342.07,426.81
344,322.68,150.38,0.88,-0.99,-2.39,6.48,-4.4,2.75,2.1,-6.32,286.68,187.74,352.26,188.92,274.66,244.56,374.3,250.68,272.0,308.23,367.39,318.04,287.33,307.66,340.15,304.93,264.17,352.21,373.42,345.88,293.74,429.64,339.56,436.05
345,317.62,146.55,-2.37,-0.33,5.23,9.89,2.98,4.35,6.87,1.0,296.28,190.67,350.58,188.9,267.71,248.67,358.83,241.0,270.77,303.04,369.97,308.05,295.73,298.88,348.59,302.14,270.51,350.21,370.54,359.39,298.88,426.81,342.82,426.05
346,317.37,138.77,-0.55,2.53,-3.14,-0.36,-0.88,4.22,-2.45,-2.3,286.62,179.82,352.12,183.82,275.22,249.46,370.33,237.78,272.59,305.27,368.15,305.68,288.09,303.96,347.06,294.65,268.6,346.93,367.8,351.82,289.7,433.11,350.11,429.89
347,318.78,142.79,-0.08,-4.33,-2.61,-1.19,0.99,0.04,0.84,-6.1,292.66,181.06,360.21,179.5,276.29,252.36,365.78,240.78,266.05,307.16,365.36,302.76,293.11,292.71,339.3,298.84,272.16,347.56,371.74,350.4,296.34,433.37,346.9,421.21
348,322.78,137.21,-1.32,-0.44,-6.44,0.77,-5.46,-1.14,0.63,4.3,286.72,183.42,353.79,175.9,270.57,231.84,366.09,234.66,274.8,294.9,366.4,298.55,292.26,288.69,348.94,289.13,276.15,351.87,357.56,352.61,295.64,433.57,347.42,429.19
349,324.13,132.96,0.99,-1.24,1.85,-1.51,6.59,8.07,3.5,6.17,283.84,168.44,348.71,174.29,274.21,227.56,369.61,242.74,275.12,298.47,370.9,290.76,295.29,292.2,343.59,281.96,282.54,354.35,358.5,348.61,292.99,430.28,349.41,426.78
350,324.36,131.07,9.3,1.28,-0.39,2.3,-1.35,-7.18,-0.96,-1.03,283.63,170.37,341.73,169.27,275.97,231.05,363.36,230.32,266.86,290.7,370.23,287.06,296.07,279.97,344.34,288.61,279.98,347.15,357.77,344.38,297.74,427.26,342.73,427.85
351,316.06,120.27,-1.85,3.49,0.79,6.24,3.0,2.1,7.53,-0.39,290.25,167.23,356.18,167.28,272.41,229.63,361.73,229.41,271.66,286.52,372.26,281.32,295.65,272.33,356.45,274.81,280.52,341.4,362.31,345.51,291.83,431.35,347.6,432.54
352,320.08,124.68,0.93,1.35,1.7,4.38,0.23,-3.27,-0.58,3.02,282.85,156.92,353.67,170.12,269.94,224.44,363.4,223.0,271.22,278.87,365.57,282.84,294.42,265.15,348.16,267.99,283.48,346.75,354.31,348.97,291.27,424.41,343.76,430.24
353,315.04,115.47,0.73,-3.03,-5.81,3.86,-2.53,4.6,0.11,1.18,289.15,150.4,345.45,160.52,276.46,213.86,364.79,216.53,270.94,280.94,372.97,285.29,296.84,268.87,343.6,276.72,282.41,342.3,356.32,347.42,296.95,432.7,336.67,436.36
354,319.18,123.26,-8.13,1.03,-2.25,2.29,1.27,1.46,-4.24,-0.23,289.28,160.25,353.96,158.87,269.9,218.7,375.44,224.86,258.1,278.53,373.73,277.54,293.16,260.51,347.21,256.99,293.96,343.08,347.05,347.81,288.82,427.78,342.71,438.58
355,317.26,107.23,-2.33,1.82,3.14,9.11,5.63,0.75,-3.57,6.5,288.53,153.22,348.33,150.84,273.14,214.92,367.92,214.3,264.93,269.43,370.84,276.14,292.78,256.32,346.55,263.75,287.79,342.7,352.93,339.24,294.94,429.85,339.75,430.67
356,320.13,116.02,-4.75,0.04,5.53,8.31,5.12,-4.71,1.8,-1.93,291.14,150.71,343.15,152.42,277.89,214.95,366.61,214.66,271.62,275.92,368.9,274.13,301.97,255.89,345.17,255.73,291.47,339.78,348.49,339.5,294.42,426.84,345.43,432.34
357,319.15,104.13,2.36,0.48,-3.97,3.09,-5.59,4.18,-0.23,-9.08,290.71,150.54,347.77,149.21,274.49,210.22,357.57,217.25,269.02,269.23,365.49,275.24,289.81,253.56,342.67,250.92,289.07,338.38,346.55,341.81,291.86,429.64,348.55,423.35
358,319.97,107.17,-4.21,1.04,-2.18,-4.87,5.3,3.68,-7.73,-5.9,292.37,149.83,356.0,153.43,276.2,206.88,366.97,205.87,275.22,272.66,366.7,274.19,303.97,250.49,347.2,249.63,294.66,334.36,345.68,340.56,302.2,422.82,343.88,435.15
359,319.03,109.56,-3.33,-3.73,-7.3,-2.52,-3.96,0.47,-3.15,-1.92,288.19,150.05,347.89,146.0,275.34,214.51,365.51,207.8,269.51,262.04,369.44,268.64,291.27,247.33,343.36,254.31,299.2,336.38,343.1,338.13,298.24,430.58,345.37,432.15
